country,1971,1972,1973,1974,1975,1976,1977,1978,1979,1980,1981,1982,1983,1984,1985,1986,1987,1988,1989,1990,1991,1992,1993,1994,1995,1996,1997,1998,1999,2000,2001,2002,2003,2004,2005,2006,2007,2008,2009,2010,2011,2012,2013,2014,2015,2016
Afghanistan,,,,,,,,,,,,,,,,,,,,,,,,,,,,,,,,,,,,,,143,173,213,242,263,283,292,280,303
Albania,,,,,,,,,,,,,,,,,,,,,,,21.2,25.3,57.8,65.7,66.3,67,67.7,57.6,66.7,73.3,66.9,86.4,68.5,73.5,74.6,55.8,51.6,47.3,39,36.2,31.4,31.4,37.6,36.8
Algeria,42.6,41.3,51,73.5,40.9,40.9,24.4,20.5,29.8,36.5,32.2,28.2,24.5,20,25.4,17,17.8,12.2,11.3,9.6,12.1,12.1,13.9,15.9,12.6,18.7,31.3,27.5,21.8,53.2,86.2,109,149,204,346,1380,1870,2370,2090,2350,3160,3640,3840,3380,3220,2210
Angola,,,,,,,,,,,,,,,,,,,,,,,,,1.85,5.23,3.98,1.89,4.65,12.3,8.34,4.12,6.97,14,26.2,86.9,93.8,115,80.3,117,149,158,131,97.3,85,67.1
Argentina,4.79,8.3,21.7,24.2,10.7,20.9,32.9,43.9,54.9,34,14,10.3,6.16,5.28,9.19,8.4,6.36,8.74,4.91,9.96,11.4,16.7,24,21.3,16.2,17.7,17.5,17.6,17.3,16.8,9.54,7.07,8.66,11.7,21.5,26.9,38.2,35.7,35.9,41.2,33.2,31.7,20.8,21.6,14.7,20.2
Armenia,,,,,,,,,,,,,,,,,,,,,,,10.1,16.8,30,32.3,37.5,36.5,29.7,31.1,23.5,25.2,25.2,26,34,50.2,53.9,39,40.6,29.6,26.1,23.6,25.9,17.4,19.9,22.1
Azerbaijan,,,,,,,,,,,,,,,,,,,,,,,1.66,1.8,37.7,48.7,92,63.5,52.2,42.9,47.8,42.6,41.4,49.6,52.4,89.4,109,144,117,89.5,141,109,151,134,55.4,46.7
Bangladesh,,,28.8,11,8.82,14.5,10.4,11.4,13.9,8.71,3.79,4.22,10.2,7.36,5.45,5.49,9,10.5,4.97,5.37,10.1,13.8,17.3,20.5,15.1,12.3,11.3,12.5,9.93,9.71,8.72,10.3,14.2,16.3,15.3,19.2,24.5,24.7,40.7,41.6,33.6,44.7,53.2,62.6,71.1,78.5
Belarus,,,,,,,,,,,,,,,,,,,,,,,,7.79,22.3,23.9,18.9,29.4,10.9,13.4,14,20.2,16.8,18.2,25.3,21.1,33.4,20.2,25.5,17.7,23.2,24,16.8,12.7,11,13.1
Belize,,,,,,59.9,38.8,42,14.6,20.1,17.2,14.1,9.25,6.15,12.5,22.1,26.5,39.1,43.6,48.9,32.8,29.3,19.9,17.4,14.7,20.7,13.2,13.2,17.1,19.5,15.5,13.5,7.98,5,6.98,10.8,10.1,13,16.6,16.7,18.6,24.2,32.3,37.9,32.9,28
Bhutan,,,,,,,,,,,,,2010,1580,604,291,216,143,122,106,117,95.4,101,116,123,168,158,150,152,150,119,91.9,74.3,66.3,71.2,75.6,87.2,110,113,107,73.7,65.9,61.8,67.8,54.8,48
Bolivia,8.12,8.72,11.8,26.7,18.2,15.2,17.2,14.1,20,19.9,13,16.4,12.2,12.1,10.1,9.05,8.94,9.46,13.3,11.7,10.2,11.1,13,16,18.7,24.6,25.5,21.4,22,20.1,23.9,17.5,18.7,20.2,25.7,51,104,135,148,168,193,209,176,170,132,91.3
Bosnia and Herzegovina,,,,,,,,,,,,,,,,,,,,,,,,,,,,,18.8,17.8,46.3,42.2,40.4,44,36.4,42.6,43.6,34.2,30.3,31.4,30.1,30.2,32.8,34.5,37.2,46.9
Botswana,,,,,,43.5,52.1,117,201,246,148,135,165,170,219,285,370,416,508,603,607,626,617,628,655,802,987,1120,1220,1400,1470,1110,1040,1100,1370,2190,2300,2030,530,436,337,303,325,327,340,342
Brazil,22.7,35.6,43.2,24.3,15,19.7,17.5,22.2,15.9,9.55,9.13,4.23,4.61,11.5,11.2,7.46,6.75,7.72,8.42,8.31,7.74,18.3,22.3,25.4,32.2,33.1,26.2,18.4,14.8,13.6,15.6,16.3,20.9,24,28.6,44.2,75.6,73.7,84.7,81.6,87.1,84.7,74.2,65.3,65.6,67.2
Bulgaria,,,,,,,,,,,,,,,,,,,,,5.71,10.5,8.64,14.2,15.8,8.34,22.4,26.8,27.7,29.2,32.3,39.4,47.9,56.2,47,42,40,33.8,33.3,34,36.1,40,38.6,41.9,55.2,63.5
Burundi,130,269,278,152,159,220,203,112,71,63.2,38.2,16.4,10.9,7.2,7.71,13.3,8.97,9.55,12,12.3,15.3,17.5,15.9,18.7,18.6,12.9,11,6.28,4.59,3.34,1.64,4.8,5,4.87,7.81,9.56,12.6,19.2,53.2,53.5,48.9,46.3,48.2,46,21.7,15
Cambodia,,,,,,,,,,,,,,,,,,,,,,,1.62,7.5,11.3,15.1,16.9,23.9,26.7,31.4,34.6,41,39,41,41.8,49.4,104,107,105,104,96.1,78.5,70.1,77,78.3,86.5
Cameroon,40.9,19.7,19.2,24.3,6.53,7.17,4.03,3.64,6.49,8.02,3.67,2.88,5.89,2.18,4.5,1.71,1.71,3.91,1.71,0.565,0.792,0.404,0.183,0.147,0.14,0.125,0.0889,0.0876,0.122,2.09,3.49,6.22,5.72,7.76,12.5,50.8,94.9,110,113,114,103,90.4,70.6,61.4,53.5,30.6
Cape Verde,,,,,,,,,,,96.1,72.4,64,53.8,58.3,49.7,62.3,65.4,59.3,57.5,48.5,53.4,39.1,23.9,17.2,13.6,9.36,3.37,13.2,8.82,13.2,19.9,21,30,36.5,48.6,62.8,57.7,54.8,42.8,32.6,30.2,31.9,33.1,32.1,37.2
Central African Republic,0.741,4.67,3.18,2.54,4.84,19.9,19.9,18.3,31.6,31.7,31.6,20.3,19.8,21.3,15.5,15.1,16.5,16.9,16.9,17.6,13.5,12.8,13.3,24.1,25.2,25.3,20.6,16.2,15.1,15.7,14.6,11.7,12.9,14,14.1,12.9,9.11,13.3,39.2,29.5,28.1,29.4,34.8,40.4,32.3,35.2
Chad,23.9,27.6,3.07,20.1,2.14,14.9,9.54,4.88,5.55,4.14,4.57,7.99,14.7,24.5,17.1,7.69,16.5,17.1,29.1,25.7,20.1,13.1,6.25,10.2,17.4,17.8,14.5,12,8.86,10.4,11.4,17.4,12.5,13.7,14.2,36,52.2,75.2,32.9,29.3,40.5,48.9,40.4,44.9,22.8,0.495
China,,,,,,,,,,,174,205,206,176,101,69.2,63.5,56,51.3,62.3,79.9,34.3,31.8,57.5,68,86.7,99.8,106,109,118,120,161,201,253,293,334,414,517,548,396,312,298,264,220,257,217
Colombia,7.8,11.4,17,14.5,16.1,31.3,38.8,53.1,83,90.7,68.1,53.3,30.2,14.5,15.2,22.3,19.8,21.5,22.6,28,39.4,45.3,42.1,36.7,33.5,34.2,30.8,26.3,23.3,26.3,28,32.3,29.3,35.4,39.9,40.3,47.7,50.7,46.9,43.8,43.2,48.2,48.1,46.2,41.7,38.4
Comoros,,,,,,,,,,14.5,15.3,15.7,12.8,3.52,8.89,10.7,15.2,11.9,17.7,16.2,16.4,14.5,20.8,22.2,21.2,22.8,18.1,16.9,16,18.5,25.5,29.4,32.4,34,29.7,31.8,40.7,40.6,52.3,52.1,56.2,76.3,115,118,150,99.7
"Congo, Dem. Rep.",37.5,32.2,32.2,13.8,4.14,2.92,4.83,4.35,7.42,7.96,5.77,4.45,5.05,5.31,5.43,6.27,4.76,4.34,3.04,2.54,1.78,1.51,0.486,1.07,1.19,0.643,0.797,0.625,0.678,0.698,0.71,0.734,0.854,2.05,1.23,1.36,1.45,0.632,7.9,21.1,23,29,27.2,28.2,22.6,13.9
"Congo, Rep.",7.73,6.54,4.16,9.25,3.87,3.19,2.5,1.45,4.55,6.07,8.56,2.16,0.578,0.365,0.25,0.318,0.205,0.229,0.249,0.207,0.182,0.163,0.112,1.01,1.06,1.82,1.25,0.0793,0.847,4.81,1.49,0.707,0.712,1.82,11.7,27.7,41.4,72,75.6,185,214,196,152,126,54.7,18.6
Costa Rica,8.15,10.2,10.6,8.14,6.54,9.62,14.3,11.9,7.31,6.87,4.17,6.63,8.01,10,11.6,11.7,10.7,14.6,15.9,13.6,22.7,25.7,26.4,22.8,27.5,28.4,36,26.9,34.7,28.1,27.2,29.6,32.6,33.7,35.7,44.6,48.9,43,52.4,56.7,46.3,47.9,42.8,36.6,33.2,29.6
Djibouti,,,,,,,,,,,,,,72.5,53.1,45,41.1,40.7,45.1,60.3,48.8,37.9,32.3,28.6,26.5,26.8,25.3,23.8,26.2,22.8,23.5,20.6,25.3,20.4,18.3,21.3,16.3,20.7,27,32,31.3,30.6,51.3,41.4,29.6,23.9
Dominica,,,,,,,,,,,21.2,21.1,3.78,10.2,5.57,15.6,24.4,18.3,14.5,15.9,18.1,20.9,20.3,15.5,21.1,19.7,22.7,24.3,23.5,16,13.4,18.3,15.5,13,16.7,23.1,22.8,21.2,27.8,28,28.9,31,28.1,32.9,40.2,74.7
Dominican Republic,12.9,12.7,18.2,16.5,17.1,15.4,16.6,12.6,17.6,13.4,11.9,6.56,6.68,8.13,9.68,10.2,4.76,6.42,4.12,1.53,9.75,10.7,13.3,5.93,8.22,8.09,9.19,11.3,14.6,13.7,21.2,7.22,3.84,10.6,24.9,24.7,28.3,25.4,30.2,28.7,27.3,16.1,19.6,18.5,19.8,21.9
Ecuador,14,26.9,44.2,55.1,30.9,43.6,27.7,17.8,20.1,20.6,10.3,6.32,10.4,8.8,9.71,8.56,6.55,5.25,6.21,8.3,8.63,8.28,10.9,11.1,10.5,11.5,12.1,9.38,9.85,6.89,6.05,5.15,5.85,7,10.6,9.97,16.7,23.5,28.4,17.4,18.6,15.2,23.3,16.3,9.13,12.4
Egypt,7.97,10.7,26.7,31.9,11.1,8.92,7.09,8.17,12,13,7.62,6.62,5.62,4.62,4.39,4.46,5.79,4.9,5.46,11,19,37.3,45.2,44.3,51.1,58.1,64.7,58.3,48.9,47.2,48.1,47.5,48,48.9,71.6,83.9,93.2,101,98.5,101,52.9,39.1,35.5,35.7,32.7,35.2
El Salvador,29.3,34.3,33.9,40.1,35.6,44.2,36.1,38.2,41.4,38.3,22.7,22.4,18.4,16.1,17.1,18.1,19.9,16.9,20.9,26.7,19.9,24.6,36.1,38.3,36.6,38.6,45.1,52.8,52,41.9,32.2,27.9,23.8,21.8,19.1,19.4,23.4,24.8,30.1,26.1,20.8,24.4,20.3,18.5,18.7,21
Eritrea,,,,,,,,,,,,,,,,,,,,,,,,,110,184,304,46.6,21.5,11,11.7,5.6,3.77,4.57,3.69,3.08,3.82,5.8,8.57,11,10.9,,,,,
Ethiopia,34.1,43.8,76,111,91.7,82.4,52,38.4,43.1,31.8,20.1,8.46,5.35,2.58,4.15,5.41,3.03,1.94,1.57,0.638,1.17,2.89,5.14,5.83,7.89,8.36,5.83,5.78,9.81,6.57,8.53,14.7,13.1,22.6,16.7,38,48.6,30,32.9,30.6,33,22,18.8,21.6,19,13.1
Fiji,,,,,251,182,123,132,100,80.5,50.5,43.6,36.1,38.4,40.1,51.6,36.3,63,67,82.1,96.3,123,110,139,190,258,228,275,210,212,202,170,164,183,106,85.7,139,82.9,109,126,98.4,124,119,106,105,105
Gabon,17.4,10.1,12.1,19.6,16.5,9.41,0.742,1.63,1.54,7.59,18,31.7,21,22.1,16.3,6.75,0.691,2.55,1.18,7,7.86,1.96,0.149,4.32,3.51,5.88,6.69,0.431,0.541,4.94,0.39,4.13,5.36,11,17.3,26.7,25.5,89.9,85.8,68.8,77.1,81.9,69.5,58.2,36.8,15.5
Gambia,200,155,183,229,213,134,64.2,52.3,2.38,4.14,2.24,4.05,1.38,0.981,0.708,5.02,7.88,5.86,6.1,15,17.6,23.3,24.8,23.2,24.9,22.6,22.6,23.1,23.6,22.3,21.4,18.3,9.22,12.3,14.7,16.8,20.4,29.1,42.4,36.6,43.5,43.1,38,30.4,21.1,17.3
Georgia,,,,,,,,,,,,,,,,,,,,,,,,,16,14.1,13.8,8.06,7.8,6.35,8.48,9.94,9.13,16.7,22.2,36.2,45.6,19.2,24.3,23.4,24.8,23.2,21,19.2,17,17.2
Ghana,7.94,17.3,25.7,13.9,20.4,15.9,17,25.5,31.3,23.6,17.4,21.2,17.5,22.3,24.5,22.6,10,9.91,12.8,7.97,14.7,9.13,10.6,12.6,13.5,14.4,9.73,6.55,7.53,4.58,5.48,8.33,17.7,24.2,25.9,61.4,44,36.9,50,56.6,52.7,45.5,33.6,30.3,27.8,27.4
Grenada,48.8,56.6,55.7,57.8,54.6,102,88.2,64.4,54.6,59.9,47.3,20.3,24.2,25.6,34.8,31.5,28.3,18.6,16.8,15.6,14,22.1,18,24,28.7,25.4,36.6,27.2,36.9,28.9,27.1,23.6,22.5,28.3,23.1,20,20.7,18,21.4,19.7,20.9,18.8,24.6,25.6,28.9,16
Guatemala,43.9,63.3,87.9,83.9,88.9,120,101,94.3,84.4,59.3,26.1,21.2,21.3,17.5,16.9,19.4,18.7,15.4,19.4,12.4,30.7,28.5,32.2,29.8,23.5,27.8,33.4,37.8,32.3,45.7,53.7,52.4,56.7,43.5,39.7,37,34,33.7,35.1,39.5,37.9,44.2,42.1,37.9,38.3,43.1
Guinea,,,,,,,,,,,,,,,,,,,,,5.52,3.71,4.68,2.82,2.67,2.69,3.45,6.66,6.22,5.42,7.13,8.31,8.87,3.29,2.86,,,,,,3.43,12.1,13,21.2,23.8,27.6
Guyana,16.7,23.2,7.84,28.3,30.6,6.4,4.36,9.54,2.55,1.51,0.754,1.05,0.518,0.445,0.424,0.541,0.477,0.213,0.804,1.46,6.29,9.83,12.6,12,12.7,20.5,19.8,18.7,18.7,22.2,21.6,20.5,19,16.9,20.3,24,36.9,35.9,44.2,55.5,40,43.8,34,28.5,32.5,35.4
Haiti,20.8,33.3,33.2,16.6,8.52,15.5,14.8,14.5,19.2,6.98,6.22,2.03,2.45,2.52,1.56,2.95,2.83,2.32,2.31,1.08,5.16,4,4.65,7.67,23.7,24.1,19.9,24.7,21.6,15.2,11,6.42,4.59,14.2,16.3,24.1,36.3,35.9,72.7,198,244,187,162,105,94.9,101
Honduras,11.2,16,16.4,12.8,21.6,29.7,21.7,18.3,16.9,10.1,5.94,6.13,5.35,5.53,3.89,3.79,3.33,1.65,0.788,1.22,3.22,5.15,2.38,3.74,5.49,5.35,11.9,16.2,22.6,23.5,27.6,27.9,25.4,31.9,45.2,66.3,84.9,71.4,55.4,67.9,63.4,50.1,44,47.2,49.5,50.3
India,13.4,13.6,14.9,18.3,14.9,25.6,39.5,50.3,65,58,36.1,30.6,26.8,26.1,24.4,23.3,21.5,15.5,10.9,6.75,8.98,10.9,16.1,24.7,24.4,26.5,30.2,31.2,36.1,40.6,49.3,67.7,87.3,106,114,112,136,113,111,103,89.3,76.5,69.8,71,73.8,79.3
Indonesia,3.1,9.98,11.2,16.5,5.15,10.7,15.4,14.8,22.6,32.5,27.5,18.2,16.2,17.9,16.3,12.3,13.5,11.7,11.3,12.4,13,13.1,14,12.4,12,15,12.8,15.6,18,20.4,21.2,24.9,27,26.3,24.4,31.3,38.5,32.7,36.9,48.5,50.1,44.7,37.4,38.2,34.4,36.8
Iran,,,,,,,,,,277,83.9,92.9,,,,,,,,,,,,,,,,,,,,,,,,,,,,,,,,,,
Jamaica,17.6,15.2,10.5,13.1,7.7,2.21,2.92,4.08,4.03,5.43,3.65,3.78,1.81,2.67,3.89,2.31,3.65,3.17,2.3,3.51,2.3,6.99,9.42,15.8,14.7,21.5,17.8,18,13.7,21.8,34.7,29.3,20.9,28.2,32.7,28.5,17.8,17,18.7,17.6,15.9,14,14,17.6,20.7,23.4
Jordan,168,162,168,170,166,134,97.5,96.2,112,93.5,69.1,52,41,25.7,19.5,17.7,14.5,7,10.5,13.7,11.4,12.9,25.5,26.4,29.8,27.8,33.3,26.3,34.2,31.1,26.7,31.6,42.4,41.7,42.3,49.9,52.9,63.8,84.1,79.8,68.5,47.8,59.7,66.1,64.4,57.3
Kazakhstan,,,,,,,,,,,,,,,,,,,,,,,41.2,43.6,44.3,67.1,54.5,32.4,30.3,16.3,16.3,17,21.4,27.9,16.1,25.7,18.3,18.6,21.1,23.7,23.5,20.9,16.5,18.5,18.2,18.1
Kenya,34.3,34.8,27.6,16.8,13.4,18.5,31.7,17,24.6,15.9,8.14,7.37,11.2,11.8,9.97,9.66,5.09,5.1,5.38,3.35,1.95,1.15,6.14,8.26,5.26,11.4,12.5,11.5,12.1,14.6,19.4,17.5,22.1,22,27.7,36.2,44.5,37.6,45,48.8,42,48,47.7,46.6,38.2,34
Kyrgyz Republic,,,,,,,,,,,,,,,,,,,,,,,16.5,5.86,21.9,12.3,14.5,12.5,13.7,13.5,15.7,16.2,18.6,22,27.1,31.5,40.9,33.8,38.5,41.8,33.4,34.3,32.9,26.9,23.7,25
Lao,,,,,,,,,,,,,,,,,,0.0483,0.563,0.474,1.85,2.4,3.51,3.26,4.58,7.79,5.04,4.76,5.28,5.67,5.84,6.83,10.3,9.31,9.43,12.1,14.2,15.5,14.4,17,15.7,15.6,10.9,10.7,8.1,6.21
Lebanon,879,1500,2670,6080,5460,6520,5810,2120,2250,1380,834,940,589,406,467,472,502,479,450,236,290,252,433,349,272,232,170,132,123,84.1,55.9,59.5,86.1,69.3,73.1,79.7,79.8,116,158,180,193,180,155,169,157,169
Lesotho,,,,,,,,,,69.9,51.4,38.9,51.8,35.2,24.8,30.5,26.1,19.6,14.9,18.3,25.7,31.9,46.6,59.9,66.7,65.7,85,83.6,72.7,54.3,56.5,57,65.2,64.8,77.9,100,146,139,155,137,114,118,117,120,112,105
Liberia,,,,11.6,10.7,8.23,9.36,4.07,9.22,0.795,1.02,0.717,2.03,0.322,0.121,0.172,0.0276,0.0209,0.42,,0.0598,0.0449,0.106,0.214,1.13,0.0155,0.0175,0.0241,0.0167,0.00944,0.0158,0.1,0.203,0.485,0.643,1.72,3.16,5.09,20.1,111,114,102,93,73.3,62.4,55.7
Madagascar,9.49,10.2,13.4,6.58,4.5,22.2,8.82,16.6,0.652,0.729,1.64,1.03,1.43,2.74,1.92,3.81,5.03,6.07,7.15,2.49,2.27,2.16,2.12,1.75,2.52,5.81,6.85,3.9,4.75,6.03,9.52,7.99,8.32,13.2,13.7,38.2,37,39.4,35,37.6,40.1,35.6,26.8,27,28.1,40.3
Malawi,21,20.6,31,33.7,22.8,8.48,19.2,12.9,11.4,9.15,6.59,3.3,2.27,6.88,4.81,2.56,4.25,11.1,7.48,9.12,9.47,2.59,3.39,2.36,5.14,9.75,6.56,10.6,9.07,9.08,7.95,5.72,4.09,3.88,5.17,16.3,26.2,25.5,14.3,31.9,17.9,18.4,27.5,37.3,39.1,
Malaysia,118,108,143,145,80.3,96.9,89.7,88.1,101,87.1,54.7,36.2,26.6,23.7,28,31.7,37.5,40.3,53.6,69.5,68.6,90,108,86.8,71.9,70.3,45.5,61.9,73.7,68.3,66.1,69.8,87.3,110,109,118,121,86.2,80.8,79.6,92.2,72.1,71.4,59,49.9,47.2
Maldives,,,,,,,,,,,2.95,12.9,5.88,6.19,5.53,10.1,11.3,30.3,37.1,31.3,28.9,29.7,23.3,25.3,31,45.3,57.4,61.2,58,60.5,40.9,50.3,55.4,60.8,52.2,42.3,40.3,21.2,19.9,39.7,39.5,35.8,42.5,59.2,59.6,41.4
Mauritania,19.3,24.1,40.2,61.9,25.4,20.1,9.75,11.9,16.5,17.4,17.2,12.7,8.63,6.14,4.32,3.02,3.81,2.94,4.41,2.77,3.25,3.09,2.26,1.95,3.75,5.92,8.19,2.18,1.52,2.07,1.73,3.25,1.35,1.66,3.03,12.2,12.1,9.93,10.4,10.7,17.8,29.3,28.3,18,21.8,22.1
Mauritius,155,196,158,274,318,138,66.9,28,15.8,26.8,9.91,10,6.29,6.89,7.31,23.8,46.1,56.2,66.7,81.6,92.3,89.1,86.7,70.2,62.7,65.7,53.1,45,57.9,94.6,98.3,134,160,172,170,195,256,268,102,95.8,29.1,30.2,26.2,25.8,29.1,27.6
Mexico,12.9,15.5,15.7,13.6,10.3,5.82,6.18,6.32,7.18,7.25,6.34,2.06,5.15,8.44,5.85,6.6,12.5,6.36,7.17,9.77,15.8,17,19.2,4.6,10.2,12.4,19.4,19.9,18.9,23.3,27,32.2,37.2,38.7,43.4,44.7,44.5,48.2,51.7,49,51.1,47.8,44.3,44.2,41.6,42.1
Moldova,,,,,,,,,,,,,,,,,,,,,,6.37,27.5,35.8,37,36.8,33.8,13.4,15.6,12.1,12.8,13.7,14.3,22.2,26.9,29.6,39.6,44.9,39.8,36.4,37.7,43.5,43,32.8,27.7,33.5
Mongolia,,,,,,,,,,,,,,,,,,,,,,6.43,17,20.3,29.7,30.1,33.1,14.2,14,21.1,21.8,24.3,13.2,13,23.9,48.2,57.5,30.1,44.4,38.6,25.4,26.8,11.9,7.93,6.14,5.45
Montenegro,,,,,,,,,,,,,,,,,,,,,,,,,,,,,,,,,,,,,53,29,24.3,34.7,16.7,16.2,19.1,25.1,27.6,31.3
Morocco,15.7,21.3,23.9,33.3,16.5,16.3,10.9,11.2,11.2,8.37,4.82,4.35,2.88,1.91,2.15,2.71,3.58,3.96,3.47,9.34,14.9,16.8,17.8,20.1,16.3,16.7,17.9,19.6,25.6,24.1,45.9,57.3,77.2,97.8,102,116,120,108,95.5,87.9,68.2,51.4,48.5,47.9,53.5,54.2
Mozambique,,,,,,,,,,,,,,4.19,1.63,1.65,2.91,4.24,4.73,5.06,5.17,4.61,3.64,3.19,3.46,6.07,9.48,9.59,12,13.2,21.3,22.7,24.1,25.6,25.1,43.6,50,47.6,52.7,54.8,55.7,54,42.5,37.1,25.8,21.2
Myanmar,122,96.3,36.9,60.4,43.5,37.4,22.7,15.4,25.9,26.8,19,10.6,7.92,5.95,3.83,3.53,3.43,4.15,8.68,8.74,7.17,6.79,7.55,7.92,11.3,6.08,5.8,6.92,5.63,4.88,8.11,8.64,9.16,11,13.3,20.2,42.8,52.1,67.9,73.6,89.9,93.8,122,72,69.1,75.7
Nepal,1120,871,657,528,335,293,161,158,161,133,94.1,76.1,42.2,27.3,17.9,19.6,25.5,24.3,20.1,21.8,25.5,28.8,34.9,32.4,26.8,26.2,27.8,30,29.3,34.3,39.4,35.7,40,45.4,49,56.9,55.7,66.5,74.6,79.3,96.7,105,135,149,197,205
Nicaragua,19.9,22.8,23.7,16,14.2,15.4,11.3,3.73,9.08,2.84,4.35,5.64,,,,,1.4,1.88,1.66,1.51,1.52,2.53,0.505,1.18,1.34,3.29,6.05,5.56,8.02,7.22,6.01,7.04,7.42,13.1,14.6,22,26.9,24.2,26.7,25.7,23.8,34.1,20.5,22.4,23.6,22.3
Nigeria,45,36.1,35,304,336,393,138,39.8,94.5,119,36.4,16.1,7.12,9.41,10.1,6.08,5.16,3.15,6.78,12.3,14,4.12,5.34,4.98,5.01,13.8,27.3,24.1,19.4,31.2,33.9,23.8,20.2,43.3,111,444,427,408,285,232,205,262,219,151,108,96.4
North Macedonia,,,,,,,,,,,,,,,,,,,,,,,11.6,15.1,21.5,14.7,22.7,22.5,32,31.1,53.3,46.9,49.5,35,45,57.3,54.2,48.6,43.6,44.1,43.5,44.7,40.8,41,36.5,37.3
Pakistan,5.23,7.95,12.9,13.4,9.79,10.1,9.46,9.56,12.8,15.8,13.8,15.5,22.3,13.2,10.6,9.8,8.58,6.99,7.1,5.06,5.22,6.12,8.13,13.6,8.36,4.38,5.97,5.04,6.2,6.32,13.2,26,32.4,29.5,32.7,34.6,37.6,18.2,24.2,27.5,27.5,22.1,13.2,23.4,30.5,30.3
Panama,7.28,10.6,7.75,5.82,3.69,5.87,4.21,6.5,4.56,3.95,3.56,2.57,4.71,4.94,2.06,3.5,1.38,1.19,1.89,5.14,7.3,7.78,8.59,9.88,12.4,14.3,19.1,14.9,12,10.9,14,14.9,12.2,7.48,13.9,14,20.5,5.4,6.63,5.55,4.03,4.01,4.16,5.17,3.81,4.3
Papua New Guinea,,,5.95,6.42,35.5,49.4,63.8,71.1,87.2,63.7,35.5,29.6,24.8,22.4,21.9,22.7,20.5,18.6,17.7,16.5,12.4,6.85,5.08,4.3,10.6,24.2,14.7,7.78,8.41,13.1,21.5,18.5,27.9,37.3,40.1,82.1,138,140,149,52.1,34.6,27,13.2,11.4,8.58,8.53
Paraguay,13,17.1,27.5,34.1,37.1,42.1,48.4,62.4,68.7,74.1,65.6,54.1,45.9,43.3,28.6,21.2,19.7,13.9,18.2,31,45.8,33.9,39.1,48.5,42.3,40.8,33.9,31,28.8,24.9,25.2,19,14.5,15.8,15.6,17.8,23,22.9,27.7,26.2,32,31.1,37.4,42.4,36.8,42.2
Peru,12.6,14.3,15.9,20.7,9.04,5.5,5.6,6.25,22.4,29.4,20.1,18.3,16.5,16.7,19,14.9,7.77,6.6,8.51,9.31,14.9,16.9,16.6,27.9,28,37.9,38,32.3,30.8,30.1,32.4,34.2,34,39.9,48,59.5,86.2,90,88.9,105,109,118,116,102,93.4,88.9
Philippines,16.2,22.5,40.3,50.1,35.1,28.8,20.2,19.5,23.5,22.8,13.8,7.13,3.54,3.47,4.12,9.26,7.76,7.5,8.37,6.66,13.7,16.1,16.4,17.8,19.8,26.8,17.2,20.2,25.8,25.8,26.9,27.2,27.2,26.5,31.5,39.9,57,64.4,79,95.4,114,121,126,101,100,104
Romania,,,,,,,,,65.2,25.7,17.5,20.7,20.9,24,20.7,26.5,31.3,46.4,251,121,91.2,71,44.9,55.2,38.4,37.2,48.6,37.5,27.3,30.2,38.1,43.4,41.6,54.2,55.6,56,47.4,40,39.1,41.6,40.2,38.7,39.4,38.6,40.1,41.7
Russia,,,,,,,,,,,,,,,,,,,,,,,8.73,5.89,14.8,12.8,13.8,6.85,6.85,18.9,25.7,34.9,42.2,58.9,73,97.6,115,102,108,115,91.4,90.9,76.2,70.3,78.7,71.9
Rwanda,289,188,192,106,103,130,96.1,74.9,106,103,85.3,54.6,46.3,36.7,31,36,27.3,18.2,11.2,6.25,13.6,9.18,5.22,5.38,9.6,10.2,13.8,13.7,13.3,14.8,16.3,16.8,13.8,18.8,26.6,101,89.3,86.6,86.2,89.7,86.4,67.2,63.2,52.7,46,39.7
Samoa,,103,53.7,43.2,36.7,23.2,29.2,11.6,9.18,4.68,5.24,5.29,10.7,14.4,18.7,31.8,46.7,65.6,74.9,75.2,59.7,49,36.1,32.9,34.6,39.6,46.3,42.7,46.1,45.7,41.8,42.1,49.8,48.8,45.7,45.9,48.1,39.5,57.1,58.1,39.7,35,33.6,26.9,28,23.8
Sao Tome and Principe,,,,,,,,,,,,,,,,,,,,,,,,,2.09,2.14,5.22,3.75,3.38,3.82,5.02,5.2,7.49,5.4,7.96,9.72,23.7,46.5,42.5,26.6,22.6,25.6,29.8,29.8,29.2,25.5
Serbia,,,,,,,,,,,,,,,,,,,,,,,,,,,,,,,,,,,,59.8,54.2,37.6,45,40.4,49.1,41.8,42.4,36.4,36.2,36.3
Sierra Leone,34.6,38.9,36.5,28.3,13.9,10.8,11.5,10,11.1,6.31,2.64,1.3,2.5,1.25,1.52,1.56,0.611,0.717,0.342,0.454,0.757,1.36,1.86,2.61,2.77,2.14,3.21,3.34,2.99,3.94,4.08,6.01,4.23,7.43,9.45,12,39.3,34.7,47.3,43.9,41.8,42.4,38.2,48.5,42,33.8
Solomon Islands,,,,,,,,254,269,153,92.2,133,138,102,54.3,38.5,37.7,38.2,26.2,14.6,6.6,24.9,13.3,11.2,10,22.1,26,31.7,30.8,20.5,11,10.3,20.4,44.4,56.7,59.7,67.6,53.2,84.7,115,160,219,255,265,250,214
Somalia,31,31.2,28.5,24.5,30,29,30.4,24.7,8.91,3.9,3.62,1.25,1.17,0.464,0.536,1.13,0.827,1.11,1.07,,,,,,,,,,,,,,,,,,,,,,,,,,,
South Africa,,,,,,,,,,,,,,,,,,,,,,,,15.2,17.6,8.99,19.8,22.2,30.6,30.3,31,23.2,22,34.5,46.1,43.1,45.3,48.7,50.1,40.4,41.7,35,35.6,34.7,33.2,32.3
Sri Lanka,9.67,10.7,13.7,9.9,7.02,9.8,25.6,29.5,35.1,15.3,15.7,14.4,11.1,17.7,13.3,9.23,6.51,4.76,5.2,7.62,11,15.1,24,26,25.2,23.9,25.2,22.1,16.6,12.2,15.2,16.8,21.8,19,24.2,23.9,24.8,16,27.4,33.2,26.1,19.9,19.1,19.4,16.6,12.9
St. Lucia,,,,,,,,,,,49.1,48,46.9,61,54.7,79,65.9,56.8,58.2,56.3,59.2,56.6,59.5,50.9,49.2,39.7,39.9,38.5,40.2,35.5,35.2,32.7,32.2,37.3,28,36.5,32.4,17.2,40.4,35.6,47.3,54,40.6,48.7,59.5,55.4
St. Vincent and the Grenadines,,,,,,,,,123,68.4,47.9,22.5,22.3,51.4,50.8,82.4,48.7,45.2,43.2,42.2,32.9,43.8,31,27.4,25.2,24.6,26.5,28.4,22,28.3,31.5,30.3,25.7,32.8,27.5,32.3,43.1,36,35.7,38.1,29.5,38.5,43.3,46.2,48.6,51.9
Sudan,7.05,7.87,10.9,10.9,2.28,1.13,0.883,0.898,1.65,0.941,0.274,0.286,0.221,0.203,0.136,0.608,0.104,0.105,0.119,0.0771,0.0498,0.177,0.234,0.457,0.917,0.629,0.5,0.538,1.16,0.857,0.331,1.54,3.06,7.3,10.6,8.99,6.98,6.89,5.19,4.65,0.91,0.884,0.859,0.834,0.811,0.798
Swaziland,,,,37.2,135,180,155,76.6,62.1,76.5,51.9,37,39,41.8,35.3,35.3,42,54,66.6,84.3,66,130,116,123,120,108,72.1,119,110,105,79.4,70.5,65.5,75.9,51.3,86.4,180,174,186,108,93.3,154,166,166,140,113
Syria,,,,,,,,,,,,,,,,,,,,,,,,,2.05,1.97,1.7,1.57,1.6,1.59,1.69,,,,,,,330,322,391,,,,,,
Tajikistan,,,,,,,,,,,,,,,,,,,,,,,,,,,3.65,4.5,4.16,8.26,8.11,7.14,9.26,14.8,16.8,19.1,6.34,6.56,9.56,11.3,13.2,13.6,13.6,9.9,9.86,13.2
Tanzania,5.12,8.57,8.3,2.5,2.79,4.15,8.12,2.29,1.62,0.387,0.327,0.0786,0.285,0.375,0.176,1.25,0.578,1.29,0.927,3,3.11,4.91,3.01,4.6,4.06,6.37,9.06,8.27,10.1,13.8,18.1,21.8,27.9,26.6,24.4,55.2,57.4,47.6,45.2,43.9,37.2,35,35.6,30.6,26.3,
Thailand,82.5,90.7,118,137,108,90.9,66,50.8,46.7,36.5,25.1,21.8,18.4,17.9,17.1,20.4,25.5,32.7,44.6,50.6,48.7,50.6,48.3,46.2,36.9,34.2,24.5,28.1,35.9,40.9,49.1,61.8,72.1,85.3,89.1,107,139,167,171,162,159,135,122,116,121,141
Tonga,,,,,,,,,,,,,,,112,77.7,80,81.2,63.5,58.4,71.7,73.1,83.8,60.6,44.8,48,46.9,44.2,31.4,33.3,33.3,30.8,42.6,58.6,52.6,52.4,67.3,70.5,83.3,68,75.2,77.2,78.1,81.6,89.9,110
Tunisia,21.9,30,35.9,43.3,35.7,29.7,16.7,16.2,19.5,19.8,16.9,18.3,15.7,11.3,6.01,6.36,9.03,14.4,14.9,11.3,10.5,10.8,10.8,16.1,15.6,17.4,18.2,17.6,19.5,16.5,15.9,15.3,16.8,20.6,25.4,37,39.2,42.3,49.7,43.5,34.4,34.5,29.4,28.4,27.9,21.8
Turkey,23.8,42,56.8,48.1,28.6,24.5,10.8,11,16.2,17.2,12.6,14.2,13.4,11.3,8.91,8.84,8.87,9.54,15.1,15.4,13,13.3,11.4,13,18.8,22.1,23.3,21.2,24,20.1,17.6,21.9,24.7,23.4,30.2,30,29.4,25.4,26.9,28.6,28.8,35.2,33.6,31.7,27.9,26.1
Turkmenistan,,,,,,,,,,,,,,,,,,,,,,,289,216,290,155,67.3,57.4,55.4,,,,,,,,,,,,,,,,,
Uganda,15.6,20.2,16.6,8.29,14.8,18.3,15.7,12.3,3.88,0.434,4.24,8.96,10.6,6.32,2.2,2.05,2.82,2.54,0.642,1.69,2.1,3.2,4.79,9.46,12.7,14.2,16.2,18.4,21.6,22.9,26.1,23.2,23.6,27.3,30.1,139,155,100,108,91,80.2,83.8,38.2,37,29.3,
Ukraine,,,,,,,,,,,,,,,,,,,,,,85.1,4.31,11.8,12.7,20.7,21.2,6.07,6.94,10.6,13.9,19,26.9,30.3,55.2,41.2,40.2,31.7,25.2,27.8,23.2,18.4,13.7,5.84,11,13.2
Uzbekistan,,,,,,,,,,,,,,,,,,,,,,,,,,,,,23.4,,,,,,,,,,,,,,,,,
Vanuatu,,,,,,,,,,,281,139,62.1,62.5,67.3,117,170,152,116,98.6,114,117,113,95.6,98.7,91.7,76.5,69.6,47,34.7,30.7,22.7,27.2,40.2,67,94.6,93.5,77.4,96.9,90.8,97.4,50.4,80.9,84.3,124,125
Venezuela,79.3,77.7,111,298,435,193,89,51.8,54.7,45.5,39.6,36.7,31.4,33.7,39.6,31.8,33.3,22.4,26.9,38.4,43.1,35.4,36.5,33.7,30,46.1,44.3,33.3,34.7,37.2,31,32.6,54.6,59.7,65.7,81.3,57.5,64.3,40.6,29.2,23.6,22.6,15.3,15.8,12.6,8.98
Vietnam,,,,,,,,,,,,,,,,,,,,,,,,,5.21,6.61,9.12,8.92,14.3,26.7,29.2,31.1,40.1,40.1,48.8,71.6,102,90.4,50.3,27.8,25.1,41.5,39.6,47.2,36.3,42
Yemen,,,,,,,,,,,,,,,,,,,,6.95,10.8,5.13,2.77,4.45,10.2,16.2,31.1,17.5,29,56.6,70.8,83.2,91.4,101,112,132,126,131,103,91.5,70.5,79.7,70.6,,,
Zambia,33.3,18.2,20.2,16.4,9.85,6.09,4.02,3.74,6.29,6.34,3.95,4.3,3.67,1.46,4.48,1.27,1.71,2.08,1.88,2.91,2.77,,2.97,3.94,3.2,3.15,3.59,1.01,0.763,4.21,2.96,8.02,3.6,4.47,10.3,30.3,38.1,35.6,50.1,47.8,45.6,51.9,45.6,40.9,33.9,24.6
Zimbabwe,17.5,44.4,96.1,75.6,69.1,78.1,48.9,41.3,77.3,53.4,28.2,17.1,13.7,11.9,14.3,12.1,12.8,12.6,9.72,9,8.49,9.81,14.8,13.1,17.8,16.7,7.86,6.74,11.1,8.36,3.27,3.31,2.96,4.73,2.19,3.15,2.86,1.43,13.7,11.1,9.03,6.65,5.79,4.53,4.97,4.58
