country,1961,1962,1963,1964,1965,1966,1967,1968,1969,1970,1971,1972,1973,1974,1975,1976,1977,1978,1979,1980,1981,1982,1983,1984,1985,1986,1987,1988,1989,1990,1991,1992,1993,1994,1995,1996,1997,1998,1999,2000,2001,2002,2003,2004,2005,2006,2007,2008,2009,2010,2011,2012,2013,2014,2015,2016,2017
Afghanistan,,,,,,,,,,,,,,,,,,,,,,,,,,,,,,,,,,,,,,,,,,,11.7,11.2,10.9,7.17,22.4,2.18,-2.11,9.44,10.6,8.3,3.88,0.596,2.43,5.12,4.87
Albania,,,,,,,,,,,,,,,,,,,,,-2.18,-0.0177,-0.0168,-0.0284,0.351,-2.38,0.00003,0,0,-0.469,38.6,250,115,38.4,5.57,41.3,12.1,8.43,1.53,3.98,3.33,2.41,5.38,2.36,2.62,2.7,3.58,7.63,2.42,4.49,2.31,1.04,0.29,1.55,0.564,-0.481,1.37
Algeria,3.47,2.35,0.549,1.7,1.5,1.82,1.31,3.14,1.92,4.94,17.2,-4.61,9.63,48.9,5.91,10.8,11.9,10.1,14,25.9,14.4,1.94,6.8,8.43,4.97,2.41,8.84,9.06,16,30.3,53.8,21.9,13.6,29.1,28.6,24,7,-3.13,10.9,22.7,-0.482,1.31,8.33,12.2,16.1,10.6,6.42,15.4,-11.2,16.1,18.2,7.48,-0.0618,-0.29,-6.57,0.89,6.8
Andorra,,,,,,,,,,,7.85,8.52,11.8,15.9,16.8,16.5,23.4,20.6,16.9,13.4,12.4,13.6,11.9,10.9,8.6,10.9,5.94,5.94,6.9,7.33,6.94,6.71,4.54,3.88,4.93,0.797,2.23,1.5,2.73,29.2,2.77,3.4,2.88,3.35,3.1,3.2,3.87,1.98,-0.00001,1.6,2.5,1.1,0.00036,-0.1,-0.455,0.7,0.9
Angola,,,,,,,,,,,,,,,,,,,,,-2.1,0,0.0128,0.00119,19,-9.01,9.82,2.21,16.3,14,106,477,918,2180,1830,4800,95.5,39.4,558,418,106,143,86.1,40.6,24,14.7,12.1,19.7,-7.42,22.4,24.1,5.73,3.75,-1.31,-3.98,27.7,31.1
Antigua and Barbuda,,,,,,,,,,,,,,,,,,8.64,14.8,11.4,8.35,11.3,5.17,3.84,7.41,8.12,8.88,12.4,4.58,1.65,2.61,2.46,1.81,3.25,2.4,2.98,1.83,2.11,1.5,1.55,1.48,0.702,-0.963,1.64,4.46,0.408,3.74,4.38,1.79,1.44,1.2,2.48,-1.42,2.1,2.46,1.56,1.56
Argentina,20.3,28.9,25.6,28.8,21.2,25.6,29,10.3,7.8,6.47,31.3,64.2,65.5,30.6,198,438,159,161,147,90.8,106,208,382,607,626,74.5,127,388,3060,2080,133,11.9,-1.47,2.85,3.17,-0.0524,-0.464,-1.71,-1.84,1.04,-1.1,30.6,10.5,18.4,10.3,13.7,14.9,23.2,15.4,20.9,23.7,22.3,23.9,40.3,26.6,40.1,25.3
Armenia,,,,,,,,,,,,,,,,,,,,,,,,,,,,,,,79.4,569,1390,4110,161,19.6,17.7,10.7,0.0538,-1.37,4.07,2.37,4.56,6.31,3.24,4.62,4.23,5.99,2.56,7.77,4.28,5.35,3.37,2.31,1.21,0.269,2.23
Australia,3.22,-0.0757,1.79,3.29,2.98,2.68,4.87,2.25,4.75,5.13,5.19,6.19,8.98,16.4,16.5,14,11.4,8.24,8.63,10,9.53,11.7,10.2,7.86,4.63,6.43,7.13,7.3,9.25,6.1,3.02,1.46,0.88,1.03,2.27,2.7,1.23,1.27,0.355,2.58,4.62,2.86,3.11,3.31,3.8,5.09,5.01,4.53,5,1.16,6.26,1.87,-0.158,1.44,-0.728,-0.458,3.7
Austria,5.09,3.34,3.68,3.18,5.32,3.12,3.25,2.84,2.73,6.45,6.2,7.6,8.05,9.5,6.46,5.62,5.2,5.99,4.11,5.58,6.72,5.36,3.47,4.95,2.96,2.95,2.44,1.53,2.96,3,3.64,3.48,2.76,2.52,1.81,0.986,1.27,0.442,0.256,1.36,1.95,1.15,1.31,1.74,2.54,1.89,2.22,1.96,1.89,0.873,1.83,2.05,1.62,1.98,2.31,1.09,1.56
Azerbaijan,,,,,,,,,,,,,,,,,,,,,,,,,,,,,,,83.5,1070,748,1390,546,26.4,9.24,-0.964,2.16,12.5,2.52,3.12,6.01,8.32,16.1,11.3,21,27.8,-18.9,13.8,22.6,2.85,0.458,-0.559,-8.86,14.7,16
Bahamas,1.16,1.09,1.34,1.51,2.01,3.77,4.71,5.16,8.93,6.15,4.58,6.79,5.55,13.2,10.7,2.39,1.73,2.25,8.55,10,17.7,3.7,5.98,3.17,8.46,4.66,6.59,1.48,1.81,5.07,2.56,3.91,-0.852,2.18,0.802,0.984,71.9,3.05,4.95,0.922,0.353,3.96,1.15,1.19,5.06,0.828,2.95,1.49,-1.04,-0.393,-0.858,3.27,-0.458,3.26,6.51,2.12,1.28
Bahrain,,,,,,,,,,,,,,,,,,,,,18.9,13.7,-3.69,-0.418,-1.82,-17.4,0.659,2.01,3.97,4.83,-1.88,-3.53,-3.03,7.33,1.09,0.197,0.932,-7.06,2.66,30,-3.36,3.56,8.44,11,13.7,8.84,8.44,11.4,-13,7.44,9.74,3.01,0.385,-1.67,-9.37,0.0805,5.7
Bangladesh,6.26,0.0222,5.16,-8.74,7.93,6.3,14.8,-5.77,11.8,0.51,2.96,4.4,61.4,44.5,80.6,-17.6,-3.21,25.6,12.6,17.6,9.89,9.86,8.49,7.88,18.5,8.25,11.1,7.5,8.34,6.53,2.73,2.58,0.156,3.97,7.14,19.1,3.8,4.74,3.78,3.45,3.26,3.89,5.82,4.56,4.59,5.88,6.47,7.86,6.76,7.14,7.86,8.16,7.17,5.67,5.87,6.73,6.28
Barbados,,,,,,,,,,,,,,,8.05,2.98,9.8,6.69,12.4,22.9,12.2,9.87,5.65,5.2,3.53,4.46,7.33,2.77,6.74,3.8,3.22,3.93,4.23,1.29,3.08,2.53,0.953,8.73,4.37,0.734,2.3,0.892,1.1,5.83,6.63,3.09,4.64,1.75,0.25,0.321,3.74,-0.396,-0.942,-0.09,-1.41,-3.14,4.17
Belarus,,,,,,,,,,,,,,,,,,,,,,,,,,,,,,,110,1030,1060,1950,662,53.7,71.6,76.6,317,185,79.5,44.9,30.7,22.7,19,10.7,12.9,21.2,5.68,15.1,70.8,75.2,21.2,18.1,16,8.34,8.18
Belgium,1.32,1.67,3.03,4.64,5.1,4.09,3.19,2.62,4.02,7.24,5.36,6.32,6.81,12.2,12.9,7.58,7.48,4.42,4.51,4.13,5.14,7.57,5.61,5.44,4.63,2.8,1.68,2.17,4.8,2.81,2.88,3.42,3.99,2.09,1.22,0.444,0.899,1.76,0.569,2.02,2.1,1.68,1.96,1.98,2.14,2.31,2.01,1.92,0.778,1.88,2,1.97,1.05,0.665,1.11,1.58,1.68
Belize,1.76,1.36,0.938,2.14,5.61,5.77,3.12,1.68,0.216,7.37,5.06,-1.24,14.7,21.7,16.9,1.16,2.24,7.35,3.59,11.4,-2.21,-6.81,7.71,9.44,-1.88,4.18,9.13,4.24,1.97,2.81,-2.56,4.01,1.65,3.59,6.08,1.97,-1.48,1.5,-2.24,0.459,-0.223,1.75,-2.86,2.07,2.68,4.48,4.85,2.73,-3.01,1.14,4.24,1.95,1.75,1.56,0.563,2.84,0.0958
Benin,1.04,3.78,2.55,-0.364,2.06,1.14,0.141,3.27,3.45,5.05,1.57,5.32,4.82,14.9,14.2,14,5.18,12.3,13,10.2,7.47,16.1,4.75,1.95,-4.88,-3.6,3.03,-0.611,2.22,2.18,0.757,3.03,2.38,35,15.1,6.91,3.67,5.23,8.54,4.34,1.97,3.55,3.06,0.77,4.29,2.09,0.39,6.44,2.53,0.885,3.73,7.69,1.41,-0.249,0.0757,-0.28,0.357
Bhutan,,,,,,,,,,,,,,,,,,,,,4.38,7.47,6.64,10,6.31,6.68,0.404,14.7,5.51,5.71,8.76,9.3,8.19,12.9,8.05,8.06,12.5,10.5,7.44,2.29,5.27,4.88,3.09,3.79,5.86,5.41,3.11,5.65,4.85,5.99,8.61,9.18,5.86,7.28,3.65,4.24,7.55
Bolivia,6.56,3.57,1.18,7.52,5.02,2.7,2.01,-4.54,2.95,5.97,2.51,19,43,61.5,6.7,8.6,12.5,14.1,19.8,25,29.5,158,265,1440,12300,230,14.6,17.5,13.2,16.3,17.7,13.2,6.56,7.95,11.4,11.6,5.71,7.05,2.41,5.2,1.87,2.82,6.33,7.97,5.94,13.7,7.37,10.4,-2.42,8.78,14.6,7.1,6,2.05,-4.62,-1.35,6.06
Bosnia and Herzegovina,,,,,,,,,,,,,,,,,,,,,,,,,,,,,,,,,,,8.85,-17.1,13,-1.58,8.36,28.8,2.96,4.46,0.912,2.57,2.83,7.83,6.29,7.21,0.17,1.4,2.44,0.796,-0.224,1,1.37,1.41,2.35
Botswana,1.93,1.36,1.18,2.55,3.85,5.79,7.58,2.17,1.58,5.98,4.66,10.8,9.91,12.8,16.5,11.3,4.94,12.5,21.9,10.2,-0.0883,3.7,8.75,15.4,22.9,14.1,12.7,22.7,13.6,6.3,5.18,6.64,13.1,9.46,7.16,16.1,5.28,9.66,14.2,14.2,8.31,1.19,3.26,10.1,15.5,7.47,4.93,4.73,6.46,8.92,16.4,-0.112,0.457,11.9,1.86,12,3.15
Brazil,31.3,78.8,69.8,93.8,51.4,39.4,29.2,26.7,20.9,17.1,20.3,19.1,22.7,34.8,33.9,47.6,46.2,41.1,56.5,87.3,107,105,140,213,232,145,204,651,1210,2700,414,968,2000,2300,89.5,18.5,7.73,4.92,8.01,5.89,8.23,9.8,14.1,7.75,7.44,6.78,6.45,8.78,7.31,8.41,8.31,7.93,7.5,7.84,7.57,8.14,3.79
Brunei,,,,,,,,,,,,,,,5.52,5.63,8.38,-2.17,12.7,86.1,9.02,-4.84,-11.4,-1.27,-2.46,-31.9,10.7,-7.67,8.7,8.41,-2.84,1.73,-2.95,-8.76,2.87,4.49,8.58,-11.6,11.6,29,-5.59,0.374,6.1,15.9,18.8,10,1.12,12.7,-22.1,16.7,20.2,1.22,-2.82,-2.01,-17.5,-9.18,4.96
Bulgaria,,,,,,,,,,,,,,,,,,,,,2.82,1.92,-0.645,2.74,0.229,1.35,0.0638,-5.39,6.73,26.2,227,59.6,51.1,72.7,62.4,103,959,32.2,2.44,7.31,6.11,3.77,2.27,5.66,6.51,6.74,11.1,8.13,4.05,1.11,5.98,1.56,-0.703,0.452,2.21,2.25,1.18
Burkina Faso,1.9,2.01,5.15,1.81,-0.656,2.3,-4.41,-0.264,6.91,1.78,3.38,7.3,2.68,11,8.18,6.73,18.7,14.5,7.75,8.69,13.6,9.05,5.41,6.5,0.757,-6.35,1.24,3.41,4.83,1.81,-3.97,0.227,-1.44,14.6,6.77,0.349,1.56,7.94,4.44,-0.82,3.18,3.84,1.48,0.0906,3.74,-0.663,0.995,7.64,2.41,6.81,6.71,5.82,-2.13,-0.62,-3.07,4.02,3.44
Burundi,20.1,-3.57,4.69,5.42,-1.03,3.15,-5.32,3.06,5.36,5.18,1.38,4.29,5.51,12.5,21.1,8.07,14.3,12.5,26.1,16.4,-6.06,5.67,6.43,17.2,5.07,-4.26,-3.42,3.49,14.8,5.99,4.09,5.4,7.74,6.64,16.1,14.5,32.4,11.5,15,38.9,13.7,1.03,11.9,13.1,18.9,2.85,6.9,24,8.25,12.3,14.3,15.4,13.2,8.3,4.86,3.8,20.2
Cambodia,,,,,,,,,,,,,,,,,,,,,,,,,,,,,,,,,,60,8,3.03,6.01,10.4,1.26,-4.28,2.65,0.713,1.8,4.82,6.08,4.63,6.52,12.3,2.5,3.12,3.36,1.44,0.781,2.63,1.72,3.46,3.43
Cameroon,5.06,3.11,-0.264,4.42,2.75,0.188,23.6,5.75,5.3,7.88,3.44,7.98,6.53,10.7,5.99,19.7,5.88,3.41,12.9,14.2,8.8,12.5,12.8,13.6,11.2,0.179,-2.39,0.814,-1.82,1.64,3.57,-1.28,39.8,9.62,4.99,1.07,5.59,4.31,-1.12,5.21,1.46,1.84,0.196,1.99,0.749,3.36,0.958,6.61,1.65,1.91,2.67,2.67,2.04,2.1,0.179,0.0306,2.76
Canada,0.458,1.41,2.06,2.6,3.36,4.98,4.4,3.64,4.51,6.06,4.83,5.9,9.69,15.2,10.7,9.5,6.8,6.6,9.99,10.1,10.8,8.84,5.76,3.53,3.33,3.07,4.76,4.54,4.71,3.42,3.09,1.5,1.3,1.47,2.26,1.74,1.14,-0.18,1.9,4.34,1.66,1.24,3.26,3.28,3.15,2.61,3.32,4,-2.29,2.87,3.24,1.22,1.59,1.97,-0.756,0.612,2.27
Cape Verde,,,,,,,,,,,,,,,,,,,,,9.58,17.4,10.6,8.77,3.67,17.7,6.96,5.41,3.58,2.35,4.79,-4.12,49.4,-29.2,-1.55,-0.546,-0.835,-0.336,7.61,-7.9,5.16,-0.363,4.92,-6.33,-1.79,4.64,8.75,3.55,2.17,0.505,2.68,0.553,1.43,-0.147,1.74,-0.835,1.14
Central African Republic,4.64,4.89,4.67,7.54,5.04,4.48,-0.774,16.2,-3.85,4.49,4.94,4.64,2.2,5.38,19.3,26,11.4,9.23,10.9,18.3,13.9,20.9,11.1,1.42,34.1,-3.43,-2.3,2.62,2.46,1.84,-0.39,2.78,-3.43,24.4,9.9,-3.54,0.823,-0.414,4.08,8.51,0.426,-2.37,1.34,-4.44,4.19,3.33,1.84,7.08,3.48,2.01,1.96,2.69,7,11.1,6.16,6.32,4.51
Chad,5.06,1.53,5.64,8.23,5.67,5.98,3.28,2.03,2.07,3.86,8.99,5.55,6.71,3.74,8.22,8.45,8.62,9.9,8.19,8.73,8.05,9.22,0.0121,24.1,-5.11,-16.9,-3.13,9.36,-1.25,8.01,3.07,-12.9,-1.31,43.5,8.83,11.5,3.78,6.75,-7.57,5.29,13.8,1.91,0.079,9.73,28.1,9.98,3.3,8.65,-9.56,6.39,8.58,1.1,-4.14,0.646,-8.15,-8.37,7.26
Chile,6.57,12.9,43.8,47.9,38.8,28.6,25.1,33.5,40.2,40.6,17.7,87.6,415,679,347,247,102,56.3,48,29.1,11.6,7.66,31,15.7,41.7,21.5,25.8,21.7,13.8,22.5,21.4,13.5,12.2,14.5,11.7,3.37,3.06,1.04,2.28,4.27,3.86,3.39,4.58,7.85,7.64,12.2,5.34,-0.0534,4.65,8.96,3.11,1.13,1.98,5.92,4.97,4.73,4.65
China,15.3,-0.115,-2.62,-0.362,0.87,-1.56,0.814,1.36,-3.79,-2.61,0.666,0.0742,0.208,0.278,-1.13,-0.106,1.09,1.36,3.59,3.78,2.3,-0.0646,1.1,4.99,10.2,4.68,5.05,12.1,8.62,5.72,6.68,8.2,15.2,20.6,13.7,6.5,1.62,-0.893,-1.27,2.06,2.04,0.605,2.61,6.95,3.9,3.93,7.81,7.83,-0.134,6.94,8.15,2.39,2.23,0.828,0.0933,1.14,4.05
Colombia,8.08,6.58,23.4,16.2,9.44,15,8.33,9.05,8.03,11.9,10.8,13,20.2,25.4,22.9,25.4,29.2,17.1,24,27.6,22.8,24.8,20.4,22.2,24.9,29.2,23.4,27.8,24.7,26.1,26.2,22.2,28,45.4,18.9,16.9,16.8,14.8,12.6,31.8,6.52,5.97,6.83,7.28,5.56,5.78,5.04,7.56,3.41,3.86,6.73,2.99,1.99,2.07,2.45,4.88,4.82
Comoros,,,,,,,,,,,,,,,,,,,,,14.6,6.53,15.2,6.16,7.07,7.39,3.22,1.94,5.96,2.18,8.12,-6.76,2.83,9.42,8.32,3.2,0.924,1.35,5.81,-4.46,8.63,4.17,5.11,3.39,0.316,3.11,3.54,5.27,3.63,3.87,2.62,2.28,1.33,2.66,3.43,6.94,0.776
"Congo, Dem. Rep.",6.1,21.2,87.8,3.55,39,4.97,58.6,59.9,17.7,-2.84,8.2,10.2,17.9,18.2,12.3,57.4,37.3,28.4,102,51.4,33.2,43.5,78.2,89.6,25.8,28.5,73.8,91.6,110,109,2340,3860,1660,26800,466,638,193,26.9,442,2630,73.1,31.7,13.4,6.37,29.9,13.3,20.3,20.5,32.7,20.8,13.8,5.94,2.77,0.994,-1.16,4.35,41.7
"Congo, Rep.",6.29,4.25,7.77,3.86,3.03,10,5.52,-1.04,3,3.71,8.31,7.43,7.84,8.11,8.3,8.68,14.5,-0.828,17.1,20.1,27.8,6.04,6.34,12.1,2.5,-29.2,7.63,-6.23,12.7,-1.03,-1.48,-1.57,-1.13,36.8,3.4,18,4.96,-18.2,29.4,47,-13.9,-1.74,-4.25,16.8,21.3,18.5,1.12,25,-20.6,20.7,10.7,-1.17,-3.66,-5.67,-29.7,-5.53,14.6
Costa Rica,3.39,0.587,1.95,1.77,-0.867,1.2,2.28,2.08,4.48,7.32,2.44,6.41,14.8,23.2,24.5,16.6,16.9,7.91,9.15,18.8,41.1,84.2,62.9,17.9,17.2,19.3,12.2,20.7,15.3,17.1,26.3,19.7,10.4,15.7,21.2,15.3,14.6,12.1,11.4,9.52,9.76,9.86,10.7,13.4,13.1,13,10.5,11.4,9.83,6.57,4.55,4.36,4.01,5.8,3.78,1.79,1.98
Cote d'Ivoire,2.99,3,3.01,2.91,3.08,0.0416,1.23,5.79,1.85,2.99,-0.941,2.51,13.2,26.7,4.31,18.2,28.8,4.43,6.54,24.1,2.98,8.3,9.05,17.9,0.344,-2.02,-4.08,-0.381,-1.01,-4.52,0.663,-0.0238,6.15,46.4,11,4.98,6.2,3.64,0.786,2.25,7.4,6.67,4.8,-2.89,1.3,1.74,2.93,8.5,2.35,5.39,1.64,4.12,2.75,3.91,3.11,1.57,1.14
Croatia,,,,,,,,,,,,,,,,,,,,,,,,,,,,,,,,,,,,3.78,6.95,8.26,3.74,4.45,4.21,3.48,4.05,3.72,3.4,4,4.11,5.7,2.78,0.821,1.66,1.56,0.789,0.0636,-0.0198,-0.0843,1.17
Cuba,,,,,,,,,,,11.9,6.96,3.25,11.9,4.33,0.523,-4.19,9.32,2.93,5.4,-2.54,-2.23,1.6,2.58,-2.16,-3.91,0.61,1.23,0.625,5.26,-7.39,3.75,19,26.3,10.5,-2.67,-1.35,1.3,3.79,1.74,0.455,4.53,2.97,0.606,0.38,10.4,3.59,-0.345,0.634,1.2,4.32,2.91,2.66,3.46,3.44,,
Cyprus,,,,,,,,,,,,,,,,8.03,8.9,11.1,13.1,14.2,12.4,10.4,5.04,8.18,5.67,4.15,3.86,3.19,4.75,5.43,3.89,6.04,4.8,5.27,12.3,2.5,3.98,3.36,2.56,3.86,3.66,0.714,3.95,3.55,4.03,3.48,3.19,4.02,0.0234,2.01,1.91,1.89,-1.05,-1.57,-1.18,-0.684,1.52
Czech Republic,,,,,,,,,,,,,,,,,,,,,,,,,,,,,,,36.2,12.4,21,12.3,9.11,9.97,8.36,9.94,3,1.77,4.89,2.72,1.16,3.87,0.0737,0.691,3.52,2.05,2.6,-1.43,0.0209,1.46,1.43,2.48,1.17,1.24,1.3
Denmark,4.31,6.64,5.77,4.61,7.44,6.83,6.25,7,6.97,10.7,7.45,9.6,10.6,13.3,13.4,9.38,8.88,8.95,7.07,8.81,10.7,10.1,7.39,5.96,4.29,2.32,4.75,3.94,4.97,2.6,2.66,1.66,0.58,1.57,1.28,2.01,2.01,1.23,1.68,3.02,2.52,2.35,1.48,2.1,2.91,2.08,2.43,4.13,0.529,3.22,0.639,2.38,0.888,1.03,0.701,-0.0464,1.56
Djibouti,,,,,,,,,,,,,,,,,,,,,,,,,,,,,,,,,,,,,,,,,,,,,,,,,,,,,,0.84,2.37,-0.674,0.449
Dominica,,,,,,,,,,,,,,,,,,11.1,20.2,16.8,-0.0352,4.49,8.02,6.63,8.33,6.17,4.85,4.81,6.94,3.03,7.83,4.14,2.79,5.99,1.97,2.82,2.42,0.164,2.9,25,1.68,0.176,-3.73,3.68,-1.09,2.4,1.53,1.51,8,0.297,1.69,-1.95,3.92,-0.103,4.85,5.88,0.998
Dominican Republic,-0.418,7.64,7.19,2.11,-1.06,-2.36,1.79,4.03,2.83,2.1,1.18,8.03,4.51,17.7,17,2.86,10.6,1.9,10.2,11.7,5.09,7.76,3.47,18.3,55.3,9.39,14.4,43.5,23.6,50.5,103,5.57,4.98,10.1,9.65,3.67,9.45,6.5,3.83,7.21,6.04,6.92,33.5,45.2,5.78,6.64,7.64,10.4,3.5,5.44,8.06,5.1,4.69,2.05,0.641,0.872,3.67
Ecuador,4.98,2.15,4.28,3.27,97.2,2.12,0.473,-0.775,15.1,-13.9,-9.48,10.1,7.2,52.5,5.58,9.49,19.4,2.29,14.6,21.6,15.5,-9.18,-13.6,-3.92,-2.44,-13.7,-8.7,-11.6,5.37,5.81,6.89,4.3,2.64,15,5.22,1.49,7.01,-3.78,-26.3,-7.71,28.4,12.1,10.6,4.26,7.73,8,6.65,13.8,0.656,7.47,5.66,4.99,3.1,3.03,-2.49,0.909,1.46
Egypt,,,,,,4.61,1.35,0.893,1.47,2.2,2.45,2.51,11.5,11.2,10.4,12.5,9.93,11,22.3,18,1.19,9.17,8.29,11.2,9.04,12.8,31.1,13.7,18.5,18.4,14.5,19.7,8.43,8.45,11.4,7.11,9.88,3.89,0.87,4.93,1.87,3.19,6.78,11.7,6.21,7.35,12.6,12.2,11.2,10.1,11.6,19.5,8.71,11.2,9.93,6.25,22.9
El Salvador,,,,,,-1.18,-0.394,0.195,0.425,4.84,0.806,0.4,8.84,9.65,9.89,17.6,18.3,0.96,15.6,17,7.4,5.55,1.59,3.05,3.15,-0.943,2.37,3.91,3.36,5.11,7.42,3.42,8.59,9.81,10.9,6.58,3.39,4.23,0.996,3.27,3.32,1.5,2.97,2.72,4.27,4.33,4.38,3.53,-0.0598,2.65,5.91,2.55,0.38,0.774,0.187,0.624,1.38
Equatorial Guinea,,,,,,,,,,,,,,,,,,,,,14.4,40.4,24.7,25.6,52.8,-2.92,1.52,3.98,-4.8,10.4,3.55,-15.4,-2.69,24.5,7.68,0.821,-13.1,-31.6,39.2,64.7,-12,-1.58,0.636,16.9,59.3,13,3.04,19.8,-20.8,24.9,17,4.85,-1.07,-1.27,-20.2,-6.35,12.5
Eritrea,,,,,,,,,,,,,,,,,,,,,,,,,,,,,,,,,-1.38,10.4,9.81,9.07,3.9,9.11,2.32,25,15.1,16.1,21.9,24.8,7.62,11.4,7.29,16.1,29.5,11.6,13.3,,,,,,
Estonia,,,,,,,,,,,,,,,,,,,,,,,,,,,,,,,,,,,,24.7,10.2,7.89,7.45,3.76,6.33,5.05,4.29,4.87,6.07,8.88,11.5,7.49,0.431,1.74,5.26,3.16,3.56,1.47,1.25,1.59,3.98
Ethiopia,,,,,,,,,,,,,,,,,,,,,,4.27,2.7,-2.73,31.8,-5.27,-6.12,3.11,5.58,3.27,19.1,15.5,13.4,2.93,12.7,0.239,0.207,-0.15,2.22,9.46,-5.76,-3.62,12.8,3.91,9.88,11.6,17.2,30.3,24.1,1.44,20.1,33.5,4.9,11,10.8,10.4,6.32
Fiji,0.609,1.4,-0.969,3.14,7.95,2.48,-3.6,3.29,6.49,6.83,3.36,14.7,16,29.6,24.3,7.91,-0.032,4.43,8.14,17.3,0.978,12.1,6.83,3.01,8.22,3.04,7.34,7.33,2.85,6.68,5.99,6.27,7.24,0.842,1.16,2.9,3.45,7.49,6.81,-4.67,3.36,3.32,7.87,2.24,6.82,3.73,2.96,1.36,1.39,4.23,9.39,3.58,3.62,3.85,4.13,6.54,2.99
Finland,5.34,3.97,5.15,7.18,5.02,4.72,7.36,12.1,4.15,7.15,7.36,8.24,13.8,22.1,13.6,13.1,9.42,7.45,8.3,9.64,11.7,9.07,8.2,8.46,5.23,4.79,4.28,7.68,6.53,5.2,1.56,0.929,1.8,1.84,4.2,-0.0998,2.12,3.11,0.947,1.63,3.33,0.97,0.214,0.608,0.924,0.912,2.77,3.08,1.88,0.351,2.58,2.95,2.55,1.69,1.87,0.791,0.932
France,3.4,4.67,6.41,4.15,2.73,2.89,3.18,4.25,6.57,6.86,5.87,6.77,7.89,11.8,13.8,10.8,8.79,9.28,10.3,11.7,11.7,12.1,9.63,7.06,5.45,5.04,2.44,3.2,3.28,2.67,2.56,1.97,1.61,0.938,1.15,1.38,0.877,0.982,0.218,1.6,2.04,2.08,1.86,1.67,1.99,2.23,2.62,2.43,0.137,1.05,1.06,1.29,0.778,0.586,1.18,0.181,0.996
Gabon,3.28,1.38,-20.3,33.5,-3.06,4.13,6.22,6.46,4.96,-0.42,6.5,-7.28,34.8,65.4,4.37,14.7,9.8,2.86,19,36.8,10.4,16.9,2.92,12,-1.28,-20.8,0.993,2.62,7.73,15.4,-11.4,0.214,-0.509,46.6,1.34,13.6,0.947,-17.8,19.2,28.1,-0.169,0.856,-0.217,7.77,20.1,9.87,4.23,20.5,-18.1,16.6,12.7,-2.94,-6.16,-0.851,-8.93,-4.26,1.3
Gambia,,,,,,,8.55,-8.69,7.13,9.07,5.16,3.16,-1.05,20.9,13,11.7,22.6,6.46,10.6,-0.178,1.56,14.5,2.68,9,39.4,40.5,18.5,9.71,13.7,12,134,1.95,5.14,3.78,3.96,8.37,-5.97,5.41,-2.44,2.22,1.81,10.4,12.9,16.8,3.59,1.93,4.3,2.01,5.18,4.3,3.72,4.45,5.67,6.62,6.37,7.14,8.14
Georgia,,,,,,0.146,0.84,-0.0114,3.56,-0.257,2.72,-1.14,0.0701,1.8,0.887,0.295,1.44,0.325,2.74,0.986,3.4,3.62,-2.65,1.32,-4.71,5.81,2.34,-1.93,5.55,22.2,62.2,1310,15400,6040,163,43,6.54,6.94,9.73,4.68,5.38,5.92,3.42,8.37,7.93,8.48,9.69,9.71,-2.14,8.55,9.45,1.07,-0.762,3.78,5.89,4.19,6.49
Germany,,,,,,,,,,,7.62,4.53,6.3,7.28,5.67,3.31,3.1,3.55,4.28,5.45,4.18,4.58,2.81,1.99,2.12,3,1.28,1.69,2.88,3.4,3.09,5.29,4.14,2.16,1.98,0.622,0.262,0.608,0.318,-0.45,1.28,1.35,1.21,1.09,0.621,0.304,1.7,0.839,1.76,0.758,1.07,1.54,1.97,1.79,2.01,1.33,1.54
Ghana,3.47,1.94,6.75,9.93,17,8.15,-3.88,12.6,11,2.89,5.18,15.5,20.9,24.6,29.5,28,67.3,73.3,37.9,51.1,75.6,27.9,123,35.3,20.6,41.7,39.2,33.4,28.3,31.2,20,11.2,31.8,30.1,43,39.8,19.5,17,14,27.2,34.8,22.8,28.7,14.4,15,80.8,18.6,19.4,15.7,16.6,13.9,15.2,15.6,16.7,16.4,17.8,13.4
Greece,1.49,4.61,1.4,3.72,4.01,4.85,2.44,1.74,3.39,7.99,2.98,5.05,20.9,22.8,13.1,16.4,13.8,13.8,20.2,19.2,21.6,27.2,20.6,21.9,19,18.9,15.3,16.7,14.5,20.7,19.8,14.8,14.4,11.2,9.79,7.64,6.55,5.1,3.62,1.59,3.47,3.35,3.45,3.06,2.24,3.5,3.42,4.34,2.57,0.673,0.798,-0.37,-2.35,-1.83,-1.02,-0.956,0.669
Grenada,,,,,,,,,,,,,,,,,,17.3,9.62,9.05,2.71,4.16,1.39,6.61,8.75,4.34,5.06,6.76,9,0.0159,6.67,4.01,1.88,3.19,3.05,2.67,1.78,1.75,1.11,2.86,2.14,0.372,-0.0771,2.03,2.47,4.66,2.32,7.85,-0.00912,0.48,0.223,3.93,2.92,0.772,2.77,2.17,2.12
Guatemala,-1.08,2.59,0.805,-1.68,-1.8,-1,0.388,1.87,1.7,5,-1.27,-1.36,14.5,15.7,13.1,11.5,16.5,5.5,8.59,10,8.55,4.98,6.56,4.12,18.8,41.5,8,11.7,10.9,40.5,33,8.86,14.5,11.7,8.67,8.9,8.26,9.5,5.04,6.83,-4.08,6.45,4.46,6.08,5.63,4.99,7.14,9.44,3.54,5.14,6.93,3.32,3.37,3.02,3.23,3.7,3.62
Guinea,,,,,,,,,,,,,,,,,,,,,,,,,,,27.3,21.7,22.3,17.3,25.8,26.2,0.674,1.43,5.95,1.55,1.43,3.32,4.23,6.3,1.75,0.433,15.9,16.5,27.4,101,13.6,16.7,1.77,16.1,9,11.5,4.34,2.61,2.98,7.14,16.7
Guinea-Bissau,,,,,,,,,,,1.81,4.97,10.4,8.92,7.2,1.51,3.07,6.34,4.28,11.5,1.82,16.5,23.3,59.4,32.3,113,94.3,79.5,99.3,30.2,67.9,65,49.1,23.2,44.7,39.2,34.1,8.07,12.3,80.9,6.77,1.8,-5.01,-1.39,5.8,-2.27,4.38,12.5,-2.46,2.97,14,-0.851,-0.932,-0.148,12.1,6.1,5.95
Guyana,4.29,3.75,2.77,-0.485,-1.79,1.92,4.86,6.95,1.42,3.04,2.14,9.89,6.27,37.5,14.7,-5.78,1.68,14.8,6.56,11.8,4.34,4.3,8.92,19.3,14.5,12.3,58.7,23.6,163,56.4,127,13.5,15.5,19.7,12.4,4,1.4,3,11.2,6.6,-1.89,4.51,5.49,4.89,7.9,68.4,12.7,9.02,3.7,5.73,7.92,5.69,0.0169,-0.391,-0.239,7.12,1.92
Haiti,,,,,,,,,,,,,,,,,,,,,,,,,,,,,,,,,,,,,12.7,14.2,7.03,11.1,11.6,9.99,26.9,21.5,17.6,14.7,8.04,12.9,3.7,5.45,7.51,5.29,6.6,4.5,6.88,12,13.4
Honduras,4.19,2.92,2.13,5.68,2.08,2.61,2.62,1.45,2.61,4.45,-2.78,3.86,5.35,14.8,6.38,8.53,12.2,5.06,11.5,13.2,7.16,4.43,6.96,3.37,5.25,3.89,2.83,6.48,7.07,21.2,26,9.1,13.6,28.9,24.9,22.9,22.3,11.6,11.6,30.8,8.08,5.13,5.76,6.45,7.28,5.35,6.63,7.79,7.65,4.68,7.81,3.58,1.37,6.85,6.93,3.47,4.21
Hungary,,,,,,,,,,,,,,,,,,,,,,,,,,,,,,,,21.5,21.3,19.5,26.7,22,20,13.6,8.07,9.86,11.2,8.34,5.54,4.99,2.43,3.54,5.41,5,4.04,2.33,2.27,3.38,2.94,3.38,1.88,0.959,3.67
Iceland,13.3,11.1,8.23,16.2,12.3,10.4,2.76,13.7,20.9,,,,,,,,,,,,,,,,,,,,,,,,,,,,4.46,4.72,3.5,4.02,8.68,5.89,0.485,2.67,2.58,8.38,4.31,11.9,10.2,5.47,2.97,3.28,1.88,4.07,6.04,2.11,0.482
India,2.15,4.41,8.35,8.55,8.3,13.3,8.62,2.42,3.34,1.56,5.32,10.8,17.8,16.7,-1.65,5.98,5.64,2.46,15.7,11.5,10.8,8.1,8.55,7.92,7.19,6.79,9.33,8.23,8.44,10.7,13.8,8.97,9.86,9.98,9.06,7.58,6.48,8.01,3.07,3.64,3.22,3.72,3.87,5.73,4.24,6.42,5.76,8.66,6.06,8.98,8.54,7.93,6.19,3.33,2.07,3.46,3
Indonesia,13.9,179,146,115,229,-98.7,165,123,21.4,14.3,2.72,16.1,36.9,47.3,12.5,14.5,13,12.1,31.2,29.1,10.2,7.95,18.6,10.4,6.19,2.25,16,7.63,9.49,9.09,8.77,7.29,19.2,7.78,9.88,8.68,12.6,75.3,14.2,20.4,14.3,5.9,5.49,8.55,14.3,14.1,11.3,18.1,8.27,15.3,7.47,3.75,4.97,5.44,3.98,2.48,4.24
Iran,-5.43,-2.36,-2.11,-0.0356,-1.73,-1.51,-0.322,-0.588,-2.88,1.38,9.34,9.18,32.2,57.3,15.7,16,23.5,12.4,29.5,46.3,25.6,3.96,18.1,19.9,3.76,12.8,20.5,19.2,17.3,22.5,26,29.9,46.2,33.7,38.1,30.3,16.5,9.28,33.2,24.9,16.6,29.3,13,24.7,20.2,14.6,22.9,19.4,4.6,15.9,23.7,24,35.6,10.8,0.429,1.61,8.1
Iraq,,,,,,,,,0.575,4.35,10.7,-3.38,8.75,88.3,3.88,12.6,9.65,2.33,31.7,13.2,-27.5,8.33,14.2,17,1.69,-6.73,9.89,10.4,8.4,73.6,111,105,114,396,295,-12.5,91.5,-15.9,71.1,43.7,-19.6,6.65,7.8,16.7,32.3,18,15,30.2,-19.5,16.6,24.7,2.67,0.0195,-0.695,-26.9,-12.9,16.2
Ireland,,,,,,,,,,,10.5,13.4,15.3,6.09,20.1,21,13.3,10.5,13.7,14.7,17.4,15.2,10.7,6.38,5.19,6.55,2.2,3.25,5.52,-0.729,1.8,2.81,5.18,1.69,3.03,1.88,4.46,6.71,4.25,6.79,6.35,4.86,3.82,0.555,2.82,3.01,1.32,-0.889,-5.01,-3.22,-0.374,2.07,1.04,-0.398,7.28,0.0207,-0.308
Israel,8.61,8.9,7.7,5.43,-1.39,8.73,-1.69,-1.4,1.6,23.2,20.7,16.6,22.2,35.5,36.6,31.4,41.6,56.1,76.9,125,125,127,150,385,265,50.2,20.2,19.2,18.7,15.9,20.1,12.1,11.1,12.5,9.07,10.3,8.78,6.92,6.23,2.83,1.85,4.18,-0.0432,0.481,1.13,1.99,1.17,2.43,3.88,1.77,2.4,3.96,2.25,1.04,2.24,0.843,0.152
Italy,2.78,5.79,8.46,6.49,4.2,2.23,2.78,1.73,4.05,10.6,7.18,5.63,12.7,20.2,17,17.5,18.5,13.9,15.5,20.8,18.8,17.5,15.1,10.8,9.17,7.49,6.01,6.65,6.2,8.91,7.58,4.37,3.89,3.54,4.93,4.55,2.6,2.53,1.62,1.97,2.99,3.35,3.18,2.52,1.89,1.9,2.43,2.48,1.96,0.319,1.47,1.38,1.21,0.959,0.938,0.848,0.629
Jamaica,,,,,,,4.24,2.73,4.11,5.23,6.92,-4.91,26.4,31.1,20.7,11.1,12.5,26.6,15.7,18.3,8.32,8.31,17,35.9,28.5,26.9,10.8,12.1,12.4,25.1,43.8,60,52.8,31.1,25.2,18.9,9.61,10.6,6.92,10.6,7.81,9.08,11.6,12.9,11.5,8.85,11.3,13.5,11.6,9.81,5.77,6.57,8.4,7.01,6.62,4.6,6.95
Japan,7.79,4.2,5.51,5.33,5.14,4.97,5.5,4.92,4.43,23,5.09,5.6,12.7,20.8,7.18,8.01,6.75,4.6,2.75,5.44,2.93,1.74,0.946,1.47,1.26,1.61,-0.158,0.625,2.11,2.61,2.93,1.67,0.568,0.266,-0.533,-0.496,0.504,-0.0451,-1.31,-1.38,-1.1,-1.46,-1.62,-1.1,-1.04,-0.883,-0.729,-0.981,-0.611,-1.9,-1.67,-0.762,-0.333,1.75,2.14,0.274,-0.215
Jordan,,,,,,,,,,,,,,,,4.69,14.3,-4.79,13.2,-0.384,18.8,6.06,6.17,-1.61,-0.26,6.25,-0.806,4.68,19.3,12.7,5.22,2.86,2.82,6.87,1.87,2.06,1.24,6.02,-0.403,-0.408,0.781,0.922,2.15,3.09,2.01,10.7,5.05,19.9,2.83,8.43,6.39,4.5,5.6,3.44,2.27,1.01,1.65
Kazakhstan,,,,,,,,,,,,,,,,,,,,,,,,,,,,,,,96.4,1470,1240,1550,161,38.9,16.1,5.66,13.3,17.4,10.2,5.8,11.7,16.1,17.9,21.6,15.5,20.9,4.69,19.5,20.5,4.79,9.5,5.77,1.82,13.6,6.38
Kenya,8.66,0.0183,-1.88,2.69,-2.05,1.71,2.4,1.68,-0.18,15.3,-9.22,1.21,10.2,16,11.8,18.9,16.9,3.08,5.64,9.55,10.9,11.6,11.8,10.2,8.31,8.71,5.4,6.46,9.77,10.6,12.5,18.9,25.7,17,11.2,42,11.4,6.93,4.19,6.08,1.57,0.933,6.2,7.13,4.9,23.5,8.13,15.2,11.6,2.09,10.8,9.21,5.33,8.07,10,8.13,2.7
Kiribati,,,,,,,,,,,7.11,5.23,16.3,13,9.46,9.17,8.9,11.9,9.17,6.8,9.5,4,5.85,6.74,5.15,5.22,10.1,4.95,-2.17,-1.06,19.6,5.63,5.24,6.85,1.33,9.98,5.3,7.25,4.49,2.03,6.74,4.95,2.64,1.71,0.512,-0.256,6.07,8.14,0.563,1.52,2.29,0.535,0.905,1.46,2.87,7.25,1.64
Kuwait,,,,,,1.52,-0.266,-0.271,1.23,0.572,25,1.48,15.1,163,-0.597,0.932,5.62,-1.96,40.8,42.6,11.5,1.42,-11.3,0.349,4.86,-25.7,10.8,2.97,-1.72,,,,-7.39,-5.87,4.85,15.5,-4.72,-17.1,18.1,20.5,-8.18,5.15,4.92,10.8,22.4,16.2,4.31,18.7,-17.2,11.2,17.2,7.49,0.223,-6.76,-26,-6.13,11.9
Kyrgyz Republic,,,,,,,,,,,,,,,,,,,,,,,,,,,,-1.88,6.99,7.94,135,830,754,181,42,35.3,19.3,9.08,37.6,27.2,7.33,2.03,3.97,5.11,7.13,9.39,14.9,22.2,4.04,10,22.5,8.66,3.18,8.42,3.43,6.05,4.58
Lao,,,,,,,,,,,,,,,,,,,,,,,,,64.8,51.1,14.4,25.8,55.3,37.9,13,5.99,11.2,7.7,19.7,13.7,19.4,84.5,128,24.8,8.87,6.32,13.5,10.7,8.64,10.8,7.44,8.86,-2.93,9.2,10.5,7.53,6.47,5.73,2.35,3.02,1.85
Latvia,,,,,,,,,,,,,,,,,,,,,,,,,,,,,,,,,,,,12.6,5.81,4.8,1.5,3.62,2.29,5.09,4.92,6.76,11.2,12.4,20.1,11.8,-9.68,-0.812,6.39,3.62,1.65,1.76,0.00123,0.274,3.06
Lebanon,,,,,,,,,,,,,,,,,,,,,,,,,,,,,73,15.5,51.5,120,29.1,13.8,10.6,7.69,15.4,4.09,0.739,-2.09,-1.56,4.93,1.59,-1.48,-1.12,0.821,3.12,7.65,10.3,0.238,3.36,6.48,2.2,1.91,2.56,-1.68,2.46
Lesotho,1.35,1.67,1.59,2,3.43,3.74,-5.76,4.07,5.72,1.98,5.99,13.9,6.97,9.82,24.8,4.54,7.48,16.5,2.43,41.5,12.6,-4.85,11.6,8.1,18.7,16.3,11.7,20.1,14.8,12,17.8,13.9,11.3,7.77,12.8,6,9.02,9.92,8.13,6.3,11.5,14.2,2.44,9.6,5.92,9.31,0.39,12.9,0.154,4.15,8.41,2.48,8.9,12.8,9.91,2.95,-1.11
Liberia,-5.75,2.93,2.04,3.98,-0.0712,-0.996,0.0284,1.22,3.36,-1.32,0.766,3.49,7.55,20.1,22.9,-1.9,11,1.68,9.91,9.48,1.2,4.6,-2.85,5.27,1.19,0.473,16.8,8.96,3.27,-0.167,5.54,-1.06,7.08,5.34,6.51,5.47,-10,-6.67,0.918,-6.89,-4.32,0.443,9.67,11.2,10,1.65,11.7,7.35,29.1,5.47,10.5,3.99,3.18,2.7,1.04,4.97,0.252
Libya,,,,,,,,,,,,,,,,,,,,,,,,,,,,,,,,,,,,,,,,13.3,7.18,27.2,14.4,22.6,28.6,9.46,11,21.8,-25.3,14.2,18.3,8.98,-6.67,-17.3,-15.3,14,24.4
Liechtenstein,,,,,,,,,,,8.24,8.24,8.24,8.24,8.24,2.23,2.23,2.23,2.23,2.23,7.01,7.18,3.22,2.95,2.86,3.7,2.52,2.51,3.14,5.4,5.87,4.02,3.3,0.852,1.8,0.815,0.515,0.0146,0.819,1.55,0.986,0.651,0.633,0.81,1.19,1.31,6.58,-2.12,-9.9,,,,,,,,
Lithuania,,,,,,,,,,,,,,,,,,,,,,,,,,,,,,,,,,,,19,11.5,3.35,-1.26,1.28,-0.322,0.317,-0.808,2.69,6.9,6.74,8.57,9.7,-3.3,2.38,5.23,2.7,1.29,1.03,0.306,0.951,4.25
Luxembourg,-3.66,3.89,3.15,5.83,2.8,3.93,0.431,5.02,5.29,16.9,-0.814,5.79,12.2,17,-0.855,12.2,1.17,5.13,6.35,7.92,7.18,10.8,6.82,4.41,3.09,-0.0838,0.063,2.78,4.02,2.51,1.82,3.73,5.97,3.54,2.33,4.49,-0.96,-2,5.8,2.16,0.457,1.68,2.68,2.95,4.2,7.04,1.49,3.88,1.4,3.62,4.77,2.56,1.7,1.65,1.32,-1.31,2.13
Madagascar,1.79,3.39,3.68,1.65,4.35,5.82,0.674,0.971,3.86,6.9,3.59,3.02,11.9,22.8,4.69,9.93,8.59,6.79,11.3,15,26.7,28.6,21.5,10.3,10.4,14.2,23,21.2,12,11.5,12.9,14.4,12.1,41.7,45.1,17.8,7.29,8.44,9.71,7.23,7.27,15.3,2.76,14.3,18.3,11.5,9.6,9.09,8.36,8.79,8.23,5.49,5.09,6.63,7.55,6.68,8.28
Malawi,-0.473,4.2,5.67,-0.591,3.71,0.207,-2.08,6.6,2.4,8.78,7.9,0.924,9.31,18.3,8.19,10,13.4,0.22,3.42,15.8,16.4,9.66,11.2,12.8,8.93,13.5,16.7,31.1,22.5,10.7,10.7,13.3,28.2,26.2,77.2,52.3,20.8,19.5,39.7,30.5,25.6,113,10.3,14.8,10.7,20,4.1,12,7.9,12.1,14.1,17.7,27.3,20.9,20.5,19.5,13.5
Malaysia,-7.76,-1.11,16.8,1.13,2.65,-1.38,-2.32,-3.28,4.91,-0.509,-0.469,0.344,17.9,12.7,-3.08,12.7,6.87,9.84,12.1,6.88,1.06,2.56,5.91,4.79,-1.61,-8.72,7.67,3.62,4.46,3.81,3.58,2.41,3.99,3.94,3.63,3.68,3.48,8.5,0.0458,8.85,-1.58,3.13,3.3,6.01,8.86,3.98,4.88,10.4,-5.99,7.27,5.41,1,0.174,2.47,-0.374,1.95,3.82
Maldives,,,,,,,,,,,,,,,,,,,,,,,,,,,,,,,,,,,,4.66,4.1,-1.14,2.75,2.03,50.9,0.498,3.11,9.97,9.16,7.37,10.1,11.1,11.3,2.88,12.6,6.78,6.43,4.64,5.88,-0.719,0.0329
Mali,,,,,,,,21.1,3.59,6.03,6.7,6.47,3.96,4.82,23,10.9,8.06,8.56,11.4,14.5,10.8,13.2,10.8,9.25,-3.48,-0.138,-1.91,-4.25,3.42,7.6,-5.82,0.739,3.24,39.6,15.8,-1.65,5.58,1.74,16.3,-0.62,4.68,3.51,-7.59,3.6,7.5,4.65,4.56,6.75,5.18,4.37,12.2,4.6,0.701,1.55,2.79,1.53,1.54
Malta,,,,,,,,,,,0.633,-1.22,8.69,3.36,5.36,5.03,4.92,4.15,6.21,12.4,7.78,3.44,-0.305,-0.177,0.637,3.52,3.05,1.86,2.15,3.15,3.35,3.55,2.85,3.56,0.782,2.1,5.59,1.38,3.15,7.33,2.7,1.3,-1.3,1.06,1.8,2.86,2.8,3,2.69,3.83,2.29,2.03,1.91,2.49,2.72,1.63,2.53
Marshall Islands,,,,,,,,,,,,,,,,,,,,,,7.38,3.51,4.11,3.69,2.45,2.86,4.12,4.76,4.99,5.04,3.01,3.03,2.62,2.81,2.8,2.48,5.26,1.77,-2.98,-1.48,5.56,1.55,3.38,2.05,2.87,1.06,3.03,1.55,1.54,3.77,3.32,0.154,-3.29,-1.51,6.21,0.0195
Mauritania,0.687,2.43,4.46,4.53,-2.07,4.14,2.38,-0.0116,-1.54,0.128,6.27,7.12,16.5,12.7,15,6.03,6.39,2.49,12.2,6.55,7.27,10.1,7.26,10.9,10.2,7.26,10.5,5.38,7.98,2.64,41.4,5.74,11.9,11.1,2.84,1.86,12.1,18.5,5.49,5.4,5.04,7.95,7.79,11.8,9.56,18.5,3.37,9.44,1.12,18.9,15.9,0.988,3.01,-9.16,-4.87,4.1,4.2
Mauritius,,,,,,,,,,,,,,,,,8.58,10.8,17.9,26.6,10.9,8.87,8.44,7.46,8.2,8.02,12.9,10.9,11,10.1,8.56,5.36,9.22,6.56,5.4,7,5.12,6.96,5.28,2.09,7.1,5.85,5.71,6.09,4.26,10.8,8.31,5.69,-0.654,1.13,3.16,2.47,2.75,1.48,1.04,2.18,1.91
Mexico,3.42,2.56,3.21,5.8,1.55,4.96,3.17,1.02,6.97,2.68,6.36,6.54,13.4,23.1,15.6,19.4,30.4,16,19.7,33.4,26,60.9,90.5,59.1,56.7,73.6,140,113,26.5,28.1,23.3,14.4,33.2,8.81,38.5,26.5,18.7,15.4,16.1,11.2,6.04,5.5,4.04,7.96,5.87,6.39,5.79,6.17,3.95,4.55,5.84,4.07,1.53,4.37,2.74,5.36,6.13
"Micronesia, Fed. Sts.",,,,,,,,,,,,,,,,,,,,,,,,,,,2.77,4.2,4.73,4.95,5.1,3.03,3.01,2.62,2.42,1.7,0.647,3.11,-0.909,1.08,1.16,0.0213,-0.393,1.05,2.09,1.42,3.28,4.79,5.27,3.8,1.32,7.16,0.796,2.84,-5.54,4.74,-0.0196
Moldova,,,,,,,,,,,,,,,,,,,,,,,,,,,,,,,,,,,,27.9,12.5,5.65,44.8,27.3,12.1,9.83,14.9,7.99,9.34,13.4,15.9,9.24,2.17,11.1,7.26,7.89,4.13,6.38,9.82,5.71,6.28
Monaco,,,,,,,,,,,5.98,6.87,7.77,11.4,13.6,10.8,8.81,9.16,10.1,11.3,11.4,12,9.52,7.28,5.53,5.28,2.78,3.07,3.31,2.64,2.54,2.14,1.55,1.35,1.31,1.6,1.01,0.901,0.0462,1.4,1.65,2.38,1.88,1.59,2.03,2.82,2.48,-1.62,,,,,,,,,
Mongolia,,,,,,,,,,,,,,,,,,,,,,1.98,0.904,-3.09,-1.45,-9.17,0.81,0.931,7.15,23.2,93.3,174,319,64.3,60.3,10.8,21.7,-1.93,10.9,12,10.4,6.37,10.2,16.7,20.1,22,11.6,21.4,1.83,39.2,15.1,12.8,2.91,7.45,1.73,2.12,10.6
Montenegro,,,,,,,,,,,,,,,,,,,,,,,,,,,,,,,,,,,,,,,,,20.2,3.08,8.32,5.89,4.33,10.1,16,7.63,2.41,1.6,1.2,0.177,2.07,1.04,2.22,5.1,2.72
Morocco,,,,,,,-3.75,-2.28,3.01,3.47,4.07,3.58,6.04,23.9,0.931,4.98,10.8,8.42,7.34,33,9.47,6.3,6.97,6.2,8.95,7.49,3.01,3.67,2.92,7.69,5.4,4.59,3.03,0.655,7.54,0.435,0.713,0.391,0.57,-0.742,0.652,1.21,1.06,1.22,1.19,1.55,3.6,4.53,0.147,0.976,-0.691,0.369,1.31,0.196,1.71,2.2,0
Mozambique,,,,,,,,,,,,,,,,,,,,,4.08,17.5,13,17.7,33.1,12.7,181,48.3,47.4,34.1,91.2,32.5,47.9,50.9,49.8,35.2,10.6,6.01,8.57,10.9,14.6,11,4.92,7.49,6.2,7.9,6.71,7.98,1.08,7.64,3.33,5.85,3.92,2.63,4.38,12.3,9.77
Myanmar,1.45,0.601,0.944,-3.72,1.69,3.56,16,1.69,2.76,-1.43,-2.31,0.755,10,56.5,16.5,10.1,1.92,0.797,5.62,1.24,4.43,3.37,1.96,2.52,1.57,6.55,21.2,25.2,57.7,18.5,23.7,21.7,36.2,22.1,19.6,23,33.8,35.8,22.6,2.46,24.8,41.5,20.5,3.6,19.2,21.3,23.6,13.6,4.88,7.04,10.3,3.13,4.38,4.17,4.14,3.56,10.2
Namibia,,,,,,,,,,,,,,,,,,,,,3.55,17,13.4,12.7,23.9,10,9.43,20.2,15.1,6.43,6,10.3,8.65,20.7,6.58,15,6.94,8.33,6.7,12.3,11.3,10.7,1.01,1.9,5.53,9.27,6.91,10.9,6.96,3.56,3.81,12.9,8.8,6.26,1.99,10,6.82
Nauru,,,,,,,,,,,,,,,,,,,,,,,,,,,,,,,,,,,,,,,,,,,,,,,,25.4,26.2,-18.2,18.1,24.1,-21.7,-11.8,-8.31,5.7,3.41
Nepal,2.69,5.9,3.57,1.19,12.9,15.2,-5.67,11.1,6.56,7.05,3.17,12.5,-3.4,20.8,27.5,0.544,-3.56,9.37,9.98,7.61,7.94,9.35,12.3,6.38,11.4,14.4,12.7,11.8,11.3,10.7,12.5,18.5,10.8,4.82,6.3,7.82,7.28,4.11,8.89,4.47,11,3.93,3.07,4.17,6.12,7.36,7.6,5.62,15.9,15.1,10.8,6.63,6.58,9.35,4.94,5.07,7.59
Netherlands,5.26,0.759,4.7,8.68,3.37,5.98,4.21,4.2,6.41,13.2,8.79,8.16,8.48,12.9,8.1,8.99,5.34,5.33,4.77,6.23,6.39,4.62,1.39,2.31,0.866,0.212,-1.05,0.82,1.35,1.56,3.12,2.5,1.6,2.06,2.06,1.19,2.63,2.05,1.43,3.62,4.18,3.63,2.17,1.35,1.93,2.55,2.11,2.48,0.4,0.848,0.142,1.42,1.37,0.15,0.805,0.584,1.15
New Zealand,,,,,,,,,,,13.9,9.96,7.47,2.83,14.8,20.3,16.7,13.3,12.9,15.3,15.6,14.1,7.69,8.21,13.6,15.7,17.5,6.25,5.12,1.39,1.43,1.77,1.24,1.66,1.87,1.64,0.645,0.845,0.76,3.47,3.48,-0.033,2.25,3.57,2.03,2.98,4.63,3.08,0.518,3.73,2.07,-0.503,4.86,0.559,0.682,3.18,3.42
Nicaragua,0.0434,-1.25,0.427,5.07,1.32,3.66,1.27,4.49,1.17,2.44,3.03,4.25,16.7,21.8,4.73,10.4,11.9,3.77,31.7,37,11.7,16.7,11,39,167,281,523,13600,4710,5020,4520,23.7,20.4,134,13.4,9.61,9.78,14,9.23,8.57,7.24,3.25,5.33,9.05,9.87,8.23,9.67,16.2,6.04,6.14,10.2,6.24,4.35,8.39,6.38,4.89,4.91
Niger,3.39,-0.843,0.761,-0.719,8.08,4.96,-5.22,-3.42,8.44,7.14,0.6,3.36,35.8,7.65,-6.39,12.4,15.7,11.2,4.59,20.8,10.6,10.6,8.8,11.7,-5.9,-4.21,1.7,-5.32,1.42,-1.6,-5.14,1.1,-0.142,32.7,5.42,4.73,3.1,3,2,4.52,3.98,3,-0.344,1.49,6.57,0.345,4.57,7.35,6.08,2.55,4.4,4.78,1.54,-0.113,1.02,0.24,-0.11
Nigeria,6.26,5.57,-3.09,2.43,0.864,13.2,-3.01,1.22,2.71,51.3,1.35,2.89,5.35,43.9,23.5,14.4,10.7,13.9,11.5,12.4,18.5,4.83,13.8,13.3,5.54,11.6,67.4,22.9,45,9.29,17.6,68.1,26.1,31,113,32.7,1.01,-5.67,17.1,35.2,-0.323,39.9,11.1,-0.158,22,17.3,4.77,10.8,-4.32,104,9.51,9.27,5.87,4.66,2.86,9.54,11.1
North Macedonia,,,,,,,,,,,,,,,,,,,,,,,,,,,,,,,93.7,1270,442,152,17.1,2.86,3.93,1.39,2.74,13.8,4.72,0.944,1.65,-0.166,4.9,3.25,4.59,5.49,0.295,2.04,3.72,1,4.48,1.45,1.89,4.23,3.47
Norway,2.65,4.77,3.39,4.72,4.77,3.98,2.96,4.42,4.2,13.6,6.38,5.52,8.68,11.4,8.89,7.84,8.17,6.26,5.7,13.1,12.9,10.5,6.96,6.21,5.2,-0.551,7.22,4.87,5.61,3.81,2.21,-0.64,2.29,-0.156,3.06,4.26,2.79,-0.69,6.67,15.4,1.64,-1.69,2.86,5.84,8.76,8.78,3.05,10.4,-5.21,5.95,6.75,3.36,2.54,0.33,-2.82,-1.11,3.85
Oman,,,,,,1.78,-3.54,11.5,1.11,-6.23,16.1,2.48,40.3,201,2.37,1.3,6,3.8,30.6,51.1,3.68,-6.72,-10,-4.72,-0.512,-20.6,11.2,1.32,0,24.8,-8.5,1.27,-5.39,-0.45,1.76,7.42,-2.24,-13.4,11.7,17.8,-4.56,4.7,10.3,13,22.5,13.6,8.26,33.8,-25.1,15.6,17.1,3.25,-1.38,-0.0417,-18.9,-7.97,9
Pakistan,3.2,-0.0771,-1.31,5.04,3.88,3.87,8.63,1.9,1.14,4.31,5.24,6.21,15.5,25.4,24,11.9,9.09,9.03,6.59,9.06,9.91,9.37,5.27,9.65,4.53,3.29,4.52,9.62,8.59,6.45,13.1,10.1,8.7,12.9,13.9,8.37,13.4,7.53,5.86,24.9,7.89,2.46,4.44,7.75,7.03,19.1,7.27,13.2,20.7,10.9,19.6,5.97,6.97,7.41,4.11,0.4,4
Palau,,,,,,,,,,,,,,,,,,,,,,,,,,,,,,,,,,,,,,,,,1.69,1.2,-3.26,1.63,6.04,4.61,2.2,8.92,-1.95,1.02,-0.631,6.84,6.59,6.14,8.37,3.22,0.0365
Palestine,,,,,,,,,,,,,,,,,,,,,,,,,,,,,,,,,,,7.78,2.62,-3.83,-5.37,-3.03,10.4,2.34,1.49,-2.13,-1.12,0.732,5.75,5.2,14.3,0.229,13.4,4.45,1.41,8.21,2.11,-3.64,1.18,4.7
Panama,0.535,0.572,2.12,2.82,0.62,1.28,2.59,0.564,1.21,3.42,2.9,5,8.54,11.6,9.38,4.53,4.66,7.92,9.25,10.1,3.64,4.87,7.5,1.63,0.81,0.338,2.29,-0.192,-1.28,0.565,0.493,5.06,3.55,3.68,0.467,-0.942,1.61,0.998,0.842,-1.25,1.03,1.67,1.13,1.96,1.75,1.97,4.82,7.53,6.47,2.59,5.84,6.18,5.5,4.2,3.06,1.4,1.51
Papua New Guinea,0.0363,0.286,1.53,1.9,2.23,7.36,8.56,5.25,4.94,5.65,3.41,7.13,19.7,8.92,2.27,19.7,7.44,-2.03,16.1,7.09,-1.3,3.68,18.7,7.44,1.62,1.36,7.97,7.92,-2.54,4.14,6.99,2.88,-2.5,7.25,15.9,1.81,8.43,14.5,11.1,13.1,6.91,12.3,5.54,-1.99,12.2,64.4,0.341,11.7,-4.88,9.92,8.83,-0.565,3.58,3.05,-4.4,7.11,5.51
Paraguay,6.68,8.42,1.55,2.25,2.59,3.33,-1.9,1.07,2.66,1.4,5.16,7.37,18.9,24.5,5.47,6,11.3,9.71,19.2,16.9,16.8,6.28,14.4,26.1,26.2,29.7,31.8,28.3,32.5,38.5,27.7,14.1,12.2,12.6,11.1,11.4,3.41,13.3,7.86,11.7,11,14.9,12.2,8.99,10.1,6.08,9.77,9.34,2.04,6.1,6.21,4.75,0.841,5.14,0.0873,5.28,5.54
Peru,3.1,3.01,5.01,13.6,12.3,9.32,10.1,18.3,8.14,12,6.64,7.13,12.6,15.2,22.2,29.7,35.7,63.7,76.3,37.9,65.3,66.7,107,108,166,68.4,85.6,586,2570,6260,383,68.5,47,25.5,13.6,9.69,7.28,5.37,2.93,3.52,0.455,0.109,1.8,6.28,3.5,7.66,1.49,1.1,2.06,5.71,6.75,1.2,1.08,2.57,2.61,2.88,3.94
Philippines,3.04,6.79,8.57,4.51,3.98,5.33,1.96,6.41,5.89,15.2,14.4,6.51,16.9,32.6,9.32,8.3,8.27,9.33,14.8,14.2,11.7,8.7,14.2,53.3,17.6,2.95,7.5,9.65,9.03,13,16.5,7.93,6.83,9.99,7.55,7.66,6.22,22.4,6.59,5.71,5.55,4.16,3.2,5.52,5.83,4.95,3.09,7.55,2.77,4.22,4.02,1.97,2.05,3.16,-0.587,1.7,2.32
Poland,,,,,,,,,,,,,,,,,,,,,,,,,,,,,,,55.3,38.6,30.6,37.2,28,18,13.7,11,6.16,6.11,3.12,1.85,0.767,4.91,2.57,1.73,3.71,3.88,3.77,1.66,3.23,2.35,0.29,0.495,0.756,0.416,2.01
Portugal,1.41,0.677,0.568,2.01,3.87,5.26,3.94,1.67,7.4,3.32,5.02,7.8,9.47,18.9,16.2,16.3,26.4,22.3,19.4,20.9,17.6,20.7,24.6,24.7,21.7,20.5,10.1,11.2,10.5,13.1,10.1,11.4,7.38,7.28,3.43,2.39,3.89,3.84,3.39,3.46,3.71,4.21,3.44,2.4,3.33,3.19,2.98,1.74,1.1,0.643,-0.27,-0.398,2.27,0.75,2.03,1.52,1.37
Qatar,,,,,,,,,,,,,,,,,,,,,,,,,,,,,,,,,,,,,,,,,-4.95,3.01,17.2,13.1,30.5,8.36,11,22.9,-24.2,6.98,18.3,6.37,1.87,-0.199,-22.9,-9.42,8.21
Romania,,,,,,,,,,,,,,,,,,,,,,,,,,,,,,,195,200,227,139,43.6,44.1,135,48.1,49.5,43.1,37.9,22.6,23.4,15.5,12.1,10.5,15.7,15.9,3.97,3.53,4.01,4.63,3.42,1.69,2.59,2.05,5.28
Russia,,,,,,,,,,,,,,,,,,,,,,,,,,,,,,15.9,129,1490,888,307,144,45.8,15.1,18.5,72.4,37.7,16.5,15.5,13.8,20.3,19.3,15.2,13.8,18,1.99,14.2,23.6,9.09,5.41,7.5,8.35,3.54,5.21
Rwanda,7.12,-7.97,13.6,16,6.96,36.9,37,0.848,-1.28,9.94,-0.114,1.85,3.92,15.9,88,-1.89,13.5,3.66,6.07,3.06,7.71,4.88,2.45,16.9,4.56,-7.02,0.665,2.23,5.3,13.5,15,7.28,13.9,17.2,51.3,10.9,15.6,2.23,-6.35,2.78,1.15,-5.04,21.8,13.1,9.13,10.6,11.8,14.3,8.25,2.61,8.35,5.26,4.51,3.05,0.286,5.5,7.32
Samoa,,,,,,,,,,,,,,,,,,,,,,,17.9,15.9,1.54,-0.31,4.52,18.4,-2.79,9.01,6.11,8.57,0.655,68.2,-6.98,4.59,11.8,3.41,2.48,2.89,2.43,2.43,2.62,7.02,0.856,9.26,-0.138,8.6,2.44,1.72,2.31,3.96,1.72,0.296,2.74,-1.58,1.25
San Marino,,,,,,,,,,,,,,,,,,,,,,,,,,,,,,,,,,,,,,1.8,1.54,2.55,2.74,2.35,2.48,1.95,1.74,1.97,1.74,1.68,3.84,-0.42,1.06,2.53,3.42,-0.115,1.23,0.653,1.11
Sao Tome and Principe,,,,,,,,,,,,,,,,,,,,,,,,,,,,,,,,,,,,,,,,,,11.9,15.5,11.6,19.2,15.1,14.2,30.5,7.57,12.5,7.78,13.6,10.7,8.21,4.19,8.05,4.72
Saudi Arabia,,,,,,,,,1.02,-24.4,10.5,1.08,11.4,150,12.1,16.6,8.08,10.1,23.1,37.8,11.7,6.31,1.2,-0.923,-1.04,-26.9,6.74,-8.95,8.58,7.1,-2.26,-0.297,-1.66,1.09,5.82,7.84,3.46,-13.9,14.5,10.9,-1.65,5.96,2.32,11.1,20.1,11.6,8.44,17.7,-15.7,17.2,15.5,4.02,-1.22,-2.27,-16.9,-3.05,6.82
Senegal,2.47,2.54,1.49,2,0.453,0.416,1.33,-0.542,6.87,2.04,3,4.1,7.68,16.8,11.6,3.79,8.16,6.77,9.71,11.5,11,9.77,9.27,7.79,8.99,5.74,-1.59,-1.4,1.52,-0.0179,-0.724,-0.929,-0.13,33.9,7.37,4.32,2.05,2.76,0.342,1.95,2.61,3.3,0.513,0.53,2.48,3.99,5.32,6.9,-1.73,1.85,4.12,2.49,-2.32,-1.03,0.314,1.11,2.51
Serbia,,,,,,,,,,,,,,,,,,,,,,,,,,,,,,,,,,,,85.2,18.4,25.4,33.2,78.6,89.2,18,12.6,9.09,14.3,11.9,8.22,10.6,8.3,5.88,9.56,6.26,5.44,2.71,2.68,2.53,2.84
Seychelles,1.46,0.599,-0.00246,4.38,2.45,-7.47,2.04,3.4,2.35,2.91,1.57,27.7,12.5,20.9,13.5,9.13,43.8,-0.455,17,22.1,13.1,0.2,4.23,2.93,1.51,6.74,4.14,3.86,1.29,6.83,-2.04,4.68,4.1,0.961,-0.779,-1.53,1.08,4.37,2.06,3.98,6.16,3.61,5.95,24.7,0.459,1.44,11.8,35,27.5,-4.21,4.5,8.66,4.04,2.29,2.09,-0.791,2.36
Sierra Leone,-0.00003,0.00001,0.00002,-0.00001,5.2,2.73,-5.85,6.67,14.2,-2.14,-6.93,5.95,23.2,14.2,8.87,8.28,19.7,23.9,11.5,-6.01,8.7,18.5,19.4,39.8,68.9,78.5,166,64.3,61.5,70.6,129,82,26.7,25.1,33.6,29.6,2.25,23.8,17.2,3.28,73.8,-3.92,13.1,12.8,16.6,12.3,6.8,9.99,7.78,17.2,17.4,12,6.93,1.8,18.9,1.78,14.7
Singapore,0.331,0.873,0.977,1.16,1.31,1.46,0.56,1.36,2.37,1.59,5.17,5.53,12.7,15.9,2.37,1.72,1.4,3.15,5.36,11.2,6,4.45,3.17,0.762,-1.43,-1.24,0.56,5.54,4.13,4.65,4.43,0.996,3.4,3.67,3.29,1.47,1.04,-1.36,-3.9,3.74,-2.24,-1.25,-1.71,4.25,2.23,1.72,5.86,-1.49,3.52,-0.046,1.25,0.545,-0.225,-0.255,3.59,-0.0365,0.87
Slovak Republic,,,,,,,,,,,,,,,,,,,,,,,,,,,,,,,,,15.6,13.4,9.89,4.45,4.86,5,7.28,9.37,5.09,3.95,5.35,5.78,2.44,2.92,1.13,2.83,-1.16,0.485,1.65,1.26,0.519,-0.16,-0.153,-0.448,1.28
Slovenia,,,,,,,,,,,,,,,,,,,,,,,,,,,,,,,,,,,,11.4,8.43,7.39,6.59,5.45,8.67,7.58,5.65,3.32,1.55,2.19,4.17,4.51,3.36,-0.987,1.12,0.459,1.6,0.793,0.967,0.896,1.98
Solomon Islands,,,,,,,,,,,,,,,,,,,,,,,,,,,,,,,7.25,13.2,13.6,6.95,6.84,12.2,6.26,5.61,3.32,10.7,3.74,12.2,1.7,7.17,5.3,4.26,5.88,11.4,7.23,6.81,14.6,5.01,2.34,2.49,3.08,3.63,1.64
Somalia,9.79,-0.824,3.3,13.1,12.9,-3.21,-0.324,3.4,6.52,0.689,1.84,12,11.6,13.1,16.9,14.7,9.79,14.6,13,101,20.1,26.8,32,71.7,29.6,33.5,32.7,69.8,97.4,215,,,,,,,,,,,,,,,,,,,,,,,,,,,
South Africa,1.35,0.383,3.27,1.99,2.95,4.37,4.03,3.8,7.59,4.29,6.01,11.1,18.4,15.9,10.8,10.4,11.2,11.6,15.1,24.9,10.1,14,16.5,11.5,16.8,17.2,14.5,15.1,17.2,15.5,15.7,14.6,13,9.52,10.2,7.9,7.94,7.77,7.07,8.84,7.6,12.2,5.79,6.53,5.45,6.26,8.85,8.83,7.5,6.35,6.53,5.28,6.16,5.55,5.12,6.77,5.54
South Korea,13,16.8,29.8,30.3,4.86,14.5,12.9,13.9,14.1,14.9,11.2,15.8,12.7,30.6,23.6,21.3,14.4,22,18.5,24.6,16.6,6.48,4.85,4.42,3.99,4.96,4.95,7.11,6.04,10.1,9.48,7.74,6.2,8.1,6.94,4.26,4.06,4.62,-1.18,1.09,3.65,3.06,3.4,2.98,1.03,-0.14,2.4,2.96,3.54,3.16,1.58,1.04,0.853,0.6,2.39,1.98,2.27
South Sudan,,,,,,,,,,,,,,,,,,,,,,,,,,,,,,,,,,,,,,,,,,,,,,,,,,,,35.3,2.54,-1.8,0.303,273,
Spain,2.47,6.1,7.85,6.25,9.16,8.17,8.54,5.91,5.13,8.77,7.85,8.52,11.8,15.9,16.8,16.5,23.4,20.6,16.9,13.4,12.4,13.6,11.9,10.9,8.6,10.9,5.94,5.94,6.9,7.33,6.94,6.71,4.54,3.88,4.93,3.47,2.38,2.53,2.66,3.28,4.08,4.11,3.92,3.92,4.15,3.98,3.33,2.14,0.253,0.16,0.029,0.0679,0.354,-0.195,0.611,0.283,0.955
Sri Lanka,,-2.35,3.31,1.6,1.17,-1.8,1.84,12.1,1.3,12.5,1.5,8.97,12.7,24.4,5.35,9.98,14.7,10.9,15.4,20,20.9,12.1,16.9,20.3,0.584,5.92,7.75,10.1,10.9,20.1,10.6,9.4,9.88,9.77,9.3,10.8,8.92,9.21,4.16,7.28,13.7,8.11,8.75,8.8,10.4,11.3,14,16.3,5.88,22.8,3.83,10.8,6.24,2.91,0.649,4.08,8.24
St. Kitts and Nevis,,,,,,,,,,,,,,,,,,5.27,10.5,7.27,15.4,6.27,-0.389,3.74,1.82,6.81,5.61,7.57,5.71,7.52,2.75,4.83,1.7,5.56,2.1,0.442,4.74,2.85,3.35,-2.59,3.97,2.14,0.0421,4.23,-0.636,15,6.13,3.14,0.919,-0.273,4.34,-1.9,1.03,1.51,-0.364,1.36,2.18
St. Lucia,,,,,,,,,,,,,,,,,,5.98,16.9,20.6,8.05,6.55,2.84,3,2.4,5.16,6.06,0.846,3.87,5.96,5.55,2.38,0.792,2.57,4.97,0.439,2.77,2.5,2.42,1.02,-1.89,0.27,5.52,1.08,6.89,12.3,11.5,-5,-2.65,11.2,3.38,-0.242,0.293,4.39,4.22,-0.557,0.0221
St. Vincent and the Grenadines,2.5,0.0537,0.686,3.85,1.47,6.56,11.7,3.31,5.45,0.0586,4.22,6.36,25.4,25.4,15.5,7.71,37.3,12.3,13,13.1,18.5,6.66,5.19,3.62,1.59,4.58,8.68,0.217,5.5,7.47,4.83,2.54,-1.19,2.37,1.31,3.57,1.36,3.21,1.82,-0.213,6.7,1.02,-3.14,4.01,2.95,3.01,8.41,0.0198,-0.868,4.44,-0.33,1.09,2.21,-0.428,2.47,-0.0943,1.52
Sudan,8.54,1.59,4.71,3.91,-2.39,6.4,6.76,2.37,8.61,7.32,6.56,14.3,23.2,15.4,5.28,6.87,17.4,24.9,24,22,25,30.6,26.1,33.6,46.2,28.6,25.9,78.9,36.7,66.2,88.8,109,97.5,159,105,32.6,47.6,17.7,15.8,9.85,1.61,7.39,9.67,15.7,8.62,9.38,6.67,14.2,3.96,19.6,21,34.9,34.9,33.9,17.9,-2.75,32.9
Suriname,,,,,,,,,,,,,,,,12.7,15.2,6.62,13.3,7.09,11.6,5.05,-0.418,1.77,2.97,5.78,28.1,8.92,5.24,43.8,12.3,35.7,159,439,274,11.1,1.9,0.0902,103,54.8,35.2,46,23.1,12.3,15.5,41.6,6.43,15.5,6.48,7.2,13.8,10.7,0.384,1.58,-2.1,30.5,21.8
Swaziland,,,,,,,,,,,7.12,9.63,25.2,10.3,4.21,13.6,10.4,10.6,13.6,8.21,3.51,15.2,4.74,11.1,5.99,13.9,1.11,24.1,2.89,30.4,8.78,11.2,17.4,11,16.6,7.68,11.3,7.41,5.37,25.3,8.94,8.91,6.01,3.87,6.56,4.04,5.01,10.4,9.77,3.2,5.34,8.05,4.48,5.84,7.55,5.26,5.3
Sweden,2.94,4.02,2.76,4.4,5.99,6.55,5.01,2.39,3.42,11.9,7.11,6.97,7.03,9.46,14.5,11.9,10.5,9.55,7.94,11.7,8.77,8.08,9.95,7.64,6.4,6.32,4.72,6.57,7.92,9.47,8.25,1.02,2.21,2.56,3.8,1.04,1.57,0.78,0.935,1.56,2.5,1.6,1.76,0.429,0.804,1.82,2.88,3.32,2.38,0.991,1.18,1.06,1.06,1.78,2.07,1.59,2.09
Switzerland,,,,,,,,,,,,,,,,,,,,,5.66,7.35,2.37,3.76,2.27,3.03,2.19,2.79,3.46,4.6,5.41,2.12,2.32,1.18,0.738,0.162,-0.411,-0.117,0.115,1.5,1.02,-0.254,1.13,0.343,0.69,2.1,2.41,2.03,0.362,0.317,0.342,-0.174,0.0253,-0.625,-0.601,-0.566,0.354
Syria,-0.565,-2.75,22.5,2.12,-2.95,7.59,0.938,4.32,-3.18,3,7.21,-7.89,16.8,29.5,8.76,8.18,10.7,10.3,16.1,17.5,17.2,2.4,5.04,7.16,4.1,26.3,25.4,28.6,23.3,19.3,7.61,5.12,5.85,13.6,6.68,15.9,6.01,-0.299,7.44,9.7,4.56,-1.31,0.597,10.3,12,7.79,12,,,,,,,,,,
Tajikistan,,,,,,,,,,,,,,,,,,,,,,,,,,-4.03,5.82,-2.57,7.26,6.29,99.6,574,1210,221,346,431,65.2,87.8,26.5,22.7,30.2,18.8,27,17.5,9.52,21.1,27.2,28.2,12.2,12.5,13.3,11.9,4.35,5.46,0.124,5.28,4.72
Tanzania,,,,,,,,,,,,,,,,,,,,,,,,,,,,,20.6,22.4,28.1,25.4,24.5,31.2,26.9,19.3,20.6,27.3,10.9,7.57,5.31,7.1,8.45,7.02,26.5,16.5,5.94,15.9,9.26,9.25,11.5,10.7,7.67,5.04,6.55,6.16,5.07
Thailand,3.7,0.54,-1.17,2.68,4.32,8.25,-1.67,-0.253,3.33,-5,-0.786,6.34,18.4,20.3,3.49,4.5,6.01,9.7,8.65,12.7,8.37,5.06,3.65,1.45,2.18,1.65,4.72,5.92,6.12,5.77,5.75,4.49,6.49,4.67,5.74,4.1,4.42,8.06,-2.58,1.33,1.92,1.69,2.15,3.57,5.09,5.1,2.47,5.13,0.195,4.08,3.74,1.91,1.78,1.44,0.859,2.36,2.31
Timor-Leste,,,,,,,,,,,,,,,,,,,,,,,,,,,,,,,,,,,,,,,,,7.85,5.93,7.66,21,23.8,3.43,3.06,38.6,-22.4,26.5,27.1,11.9,-4.84,-3.18,-36.5,-19.5,27.4
Togo,-6.95,0.715,3.17,1.46,-2.32,5.74,1.75,0.0609,4.84,-1.62,12.4,-0.372,3.13,42,-4.26,14.2,20.7,-12.3,7.55,10.5,12.6,7.09,14.3,1.88,3.4,5.59,1.66,2.59,0.992,2.98,2.67,3.25,-8.2,35.8,11.1,5.39,2.04,9.56,1.12,-4.29,7.74,6.22,-9.82,3.02,7.75,-0.781,2.65,14.6,1.86,1.18,7.53,6.26,-1.76,3.84,3.51,2.13,1.97
Tonga,,,,,,,,,,,,,,,,,,,,,,7.87,8.26,6.51,10.2,16.2,11,9.07,6.81,12.2,9.46,7.45,0.0658,27.2,-2.98,5.07,-0.774,2.24,6.44,3.08,3.23,8.58,9.33,5.88,6.62,17.2,6.15,7.19,-2.34,3.68,5.79,2.39,0.746,0.866,1.41,1.69,3.1
Trinidad and Tobago,-4.24,3.05,3.7,-2.48,2.75,-5.57,4.61,8.92,-0.0543,1.87,6.64,11.1,21.2,57.5,24.6,8,13.3,3.16,24.7,36.9,7.59,12.2,6.34,6.01,1.24,-1.25,4.85,4.16,7.18,15.5,2,4.2,9.68,13.3,3.33,1.85,-3.54,-1.86,4.3,12,2.79,-5.19,10.5,8.88,13.3,1.73,12.8,23.8,-27.6,12.7,15.7,-0.225,2.93,2.06,-12.1,1.63,3.04
Tunisia,,,,,,1.53,4.13,1.33,1.38,6.6,5.48,2.89,8.56,24.4,4.99,2.9,9.65,6.46,10.4,12.8,11.4,16,12.7,6.98,3.6,3.52,5.17,7.7,8.83,4.48,7.04,5.69,4.69,4.53,5.35,4.36,14.1,3.27,3.36,3.28,3.91,2.29,2.68,3.35,4.18,3.84,2.11,6.35,3.03,3.82,4.28,4.9,3.82,4.41,3.59,5.56,5.73
Turkey,4.81,5.35,6.42,2.35,3.92,6.31,5.92,4.61,6.88,8.64,16.9,11,21.9,29,21.3,15.6,24.1,47.5,76.7,93,44.1,28.2,26.3,48.2,53.1,36,33.6,69,75.4,58.2,59.2,65.2,68.4,105,86,77.2,81.5,144,54.3,49.3,52.9,37.6,23.3,12.4,7.1,9.37,6.22,12,5.4,7.01,8.19,7.42,6.27,7.42,7.83,8.1,10.8
Turkmenistan,,,,,,,,,,,,,,,,,,,,,,,,,,,,-2.72,8.31,-20.9,106,3090,1130,952,706,1010,61.7,17.6,23,23.5,32.3,25.2,27.2,18.3,7.03,12.3,9.26,59.7,9.76,2.31,12.9,8.27,1.15,0.669,-5.15,-4.84,9.92
Tuvalu,,,,,,,,,,,,,,,,,,,,,,,,,,,,,,,2.65,7.34,2.55,-4.66,5.15,12.7,-1.3,2.74,6.12,12.8,5.91,3.32,2.25,5.6,1.5,4.13,-0.131,3.52,0.689,2.64,0.615,0.808,2.11,5.07,4.63,1,1.4
Uganda,,,,,,,,,,,,,,,,,,,,,,,45.9,25.3,120,137,181,190,115,44.4,26,45.1,30.1,6.85,9.38,4.57,3.1,8.79,-0.113,11.1,4.53,-3.17,7.81,15.6,-1.74,2.41,7.32,6.36,34,10.6,4.63,21.5,4.03,3.4,5,3.53,5.99
Ukraine,,,,,,,,,,,,,,,,,,,,,,,,,,,,1.72,3.85,16.3,95.6,1760,3330,953,416,66.1,18.1,12,27.4,23.1,9.95,5.12,8.22,15.2,24.6,14.9,22.8,28.6,13.1,13.4,14.2,7.79,4.34,15.9,38.9,17.1,22.1
United Arab Emirates,,,,,,,,,,,,,,,,11.8,5.26,-3.66,7.05,9.52,7.05,1.31,-3.62,-6.1,0.741,-1.7,3.69,2.38,1.75,3.34,0.811,1.81,1.28,-0.262,3.91,5.77,-0.952,-4.25,8.44,11.5,-2.35,3.77,4.07,8.5,16.5,12,12.5,18.5,-15.2,12.5,13.2,2.24,-0.867,-1.01,-15.4,-3.2,6.31
United Kingdom,3.38,3.72,1.97,4.05,4.8,4.32,2.89,4.21,5.45,8.8,8.01,7.21,8.43,15,25.8,15.1,13.7,11.5,14.1,19.7,11.6,7.4,5.12,5.02,5.46,4.36,5.53,6.12,7.94,7.89,6.4,3.35,2.7,1.36,10.8,4.08,0.933,1.16,0.819,2.05,0.862,2.23,2.41,2.51,2.65,3.03,2.58,2.82,1.52,1.57,2.01,1.56,1.9,1.72,0.456,1.97,1.96
United States,1.35,1.24,1.09,1.5,1.92,2.9,3.15,4.37,4.96,2.21,5.08,4.33,5.44,8.98,9.26,5.49,6.2,7.02,8.26,9.02,9.34,6.2,3.95,3.55,3.2,2.02,2.55,3.5,3.89,3.7,3.33,2.28,2.38,2.13,2.09,1.83,1.71,1.09,1.53,2.28,2.28,1.54,1.99,2.75,3.22,3.07,2.66,1.96,0.759,1.22,2.06,1.84,1.62,1.79,1.08,1.28,1.8
Uruguay,18.4,12,19.9,40.4,62.2,72.3,78.5,116,27.1,4.19,31.7,69.2,192,28.5,66,47.3,55.6,46.8,79.2,54.8,27.3,18.2,53.7,56.3,74,71,72.8,74.6,76.1,107,101,59.6,47.9,39,41,26.4,27.5,12.4,4.33,3.54,4.83,12.6,16.5,10.1,0.678,6.53,9.42,8.02,7.75,4.91,9.01,8.56,8.15,9.37,9.02,7.35,4.02
Uzbekistan,,,,,,,,,,,,,,,,,,,,,,,,,,,,-1.31,1.38,3.98,90.7,712,1080,1240,371,81.6,66.1,39,44.1,47.3,45.2,45.4,26.7,15.7,21.4,23.6,21.4,26.8,17.2,16.5,16.6,14.9,14.3,11.9,9.07,7.38,19
Vanuatu,,,,,,,,,,,,,,,,,,,,6.62,7.45,-1.65,1.81,12.2,-3.44,-2.97,16.5,9.81,6.45,-0.997,10.3,2.78,2.05,2.35,1.71,2.08,3.18,8.16,3.08,2.18,3.72,2.78,0.788,2.12,0.422,3.87,5.47,7.32,2.31,2.62,3.1,0.414,2.66,1.98,2.48,2.19,2.57
Venezuela,0.469,1.94,3.95,0.993,2.34,3.58,0.868,2.04,3.25,1.13,9.67,7.49,11.5,45.9,4.96,7.31,9.9,7.33,19,26,12.9,3.73,6.6,14.6,10.5,2.9,33.3,21.8,88.7,41.7,21.4,28.2,31.6,62.9,51.8,116,38.4,18.9,26.2,29.5,8,33,34.9,34,29.6,17.9,15.4,30.1,7.83,45.9,28.1,14.1,35.5,40.4,,,
Vietnam,,,,,,,,,,,,,,,,,,,,,,,,,,398,363,411,69.7,42.1,72.5,32.6,17.4,17,17,8.7,6.6,8.84,5.73,3.41,2.62,4.7,7.11,8.43,18.8,8.57,9.63,22.7,6.22,12.1,21.3,10.9,4.76,3.66,-0.191,1.11,4.12
Yemen,,,,,,,,,,,,,,,,,,,,,,,,,,,,,,,12,13.2,16.4,20.8,45.7,36.8,13.3,-8.34,33.5,23.3,2.75,8.71,10.9,14.1,18.5,13.6,10.9,20.4,-8.71,23.6,18.1,5.89,9.21,7.16,27.4,4.45,
Zambia,-3.66,2.09,0.404,4.08,10.6,23.6,0.263,15.9,22.9,-11.4,-7.5,3.71,19.9,10.8,-14.2,15.2,8.25,12.7,21.9,11.8,7.16,6.14,18.6,18.3,41.1,82,62,34.5,80.9,106,92.7,166,144,80.7,30.6,24.3,25.4,16.9,17.9,32.6,25.3,19.4,17.6,19.7,16.7,14.5,13,10.6,5.56,14,11.1,6.99,9.73,5.44,6.66,13.6,9.24
Zimbabwe,-2.04,0.47,-2.35,6.14,2.7,-3.73,0.577,3.87,5.08,-12.1,6.16,13.5,20.5,12.9,11.9,-1.67,8.51,2.48,15.2,12.7,6.6,3.86,-10.5,-16.6,-17,8.03,7.19,7.79,0.793,-0.92,-6.78,-14.1,-3.79,-3.9,3.04,8.98,-2.88,-27,8.01,0.628,-0.131,2.71,8.8,7.61,5.14,-2.02,0.895,1.35,74.3,4.49,3.33,2.56,2.81,0.701,0.898,1.31,3.8
